-- phpMyAdmin SQL Dump
-- version 4.8.2
-- https://www.phpmyadmin.net/
--
-- Host: localhost
-- Generation Time: May 04, 2019 at 12:07 PM
-- Server version: 5.6.38
-- PHP Version: 5.6.36

SET SQL_MODE = "NO_AUTO_VALUE_ON_ZERO";
SET AUTOCOMMIT = 0;
START TRANSACTION;
SET time_zone = "+00:00";


/*!40101 SET @OLD_CHARACTER_SET_CLIENT=@@CHARACTER_SET_CLIENT */;
/*!40101 SET @OLD_CHARACTER_SET_RESULTS=@@CHARACTER_SET_RESULTS */;
/*!40101 SET @OLD_COLLATION_CONNECTION=@@COLLATION_CONNECTION */;
/*!40101 SET NAMES utf8mb4 */;

--
-- Database: `erawanpl_db`
--

-- --------------------------------------------------------

--
-- Table structure for table `category`
--

CREATE TABLE `category` (
  `id` int(11) NOT NULL,
  `code` varchar(11) COLLATE utf8_unicode_ci NOT NULL,
  `name` text COLLATE utf8_unicode_ci NOT NULL
) ENGINE=InnoDB DEFAULT CHARSET=utf8 COLLATE=utf8_unicode_ci;

--
-- Dumping data for table `category`
--

INSERT INTO `category` (`id`, `code`, `name`) VALUES
(1, '001', 'แก้ว'),
(2, '002', 'กล่องเบเกอรี่'),
(3, '003', 'หลอด'),
(4, '004', 'ฝา'),
(5, '005', 'จานพลาสติก'),
(6, '006', 'ถ้วยไอติม'),
(7, '007', 'กล่องเวฟ'),
(8, '008', 'ช้อนส้อม'),
(9, '009', 'โฟม'),
(10, '010', 'กระดาษทิชชู่'),
(11, '011', 'ฟิล์ม'),
(12, '012', 'ใบตองเคลือบ'),
(13, '013', 'ถาดพลาสติก'),
(14, '014', 'ถุงกระดาษ'),
(15, '015', 'ถุงหิ้ว'),
(16, '016', 'จานกระดาษ'),
(17, '017', 'ถุงแก้ว'),
(18, '018', 'ตะเกียบ'),
(19, '019', 'ซองเครป'),
(20, '020', 'ชามพลาสติก'),
(21, '021', 'เครื่องดื่ม'),
(22, '022', 'เบเกอรี่'),
(23, '023', 'ถาดกระดาษ'),
(24, '024', 'ชามอ้อย'),
(25, '025', 'กระดาษซับมัน'),
(26, '026', 'กล่องแค็ก'),
(27, '027', 'ถุงร้อน'),
(28, '028', 'ใบตองพลาสติก'),
(29, '029', 'เชื่อก'),
(30, '030', 'ยาง'),
(31, '031', 'ถุงเย็น'),
(32, '032', 'แป้ง'),
(33, '033', 'วุ้น'),
(34, '034', 'ตะกร้า'),
(35, '035', 'ขวด'),
(36, '036', 'ถุงหนา'),
(42, '037', 'ถงุขยะ'),
(43, '038', 'ถุง HD'),
(44, '039', 'ถุงมือ'),
(45, '040', 'กล่องข้าว'),
(46, '041', 'ถุงเย็น'),
(47, '042', 'กระปุก');

-- --------------------------------------------------------

--
-- Table structure for table `customers`
--

CREATE TABLE `customers` (
  `id` int(11) NOT NULL,
  `name` text COLLATE utf8_unicode_ci NOT NULL,
  `phone_number` text COLLATE utf8_unicode_ci NOT NULL,
  `line_id` text COLLATE utf8_unicode_ci NOT NULL,
  `address` text COLLATE utf8_unicode_ci NOT NULL,
  `date_inserted` timestamp NOT NULL DEFAULT CURRENT_TIMESTAMP,
  `date_last_update` timestamp NOT NULL DEFAULT CURRENT_TIMESTAMP ON UPDATE CURRENT_TIMESTAMP
) ENGINE=InnoDB DEFAULT CHARSET=utf8 COLLATE=utf8_unicode_ci;

--
-- Dumping data for table `customers`
--

INSERT INTO `customers` (`id`, `name`, `phone_number`, `line_id`, `address`, `date_inserted`, `date_last_update`) VALUES
(5, 'ลุงทอม', '081 9702328', '', 'บางเหนียว', '2019-01-08 09:23:38', '2019-01-08 09:23:38'),
(6, 'P ปุ๊ก', '081 8102570', '', 'เกษตร', '2019-01-08 09:23:53', '2019-01-08 09:23:53'),
(7, 'โกแอร์', '081 3963030', '', 'บางเหนียว', '2019-01-08 09:24:03', '2019-01-08 09:24:03'),
(8, 'ดาว', '095 0278886', '', 'เกษตร', '2019-01-08 09:24:20', '2019-01-08 09:24:20'),
(9, 'บ้านการ์ตูน', '089 8679057', '', 'บางเหนียว', '2019-01-08 09:24:49', '2019-01-08 09:24:49'),
(10, 'P ยุง', '097 4245659', '', 'เกษตร', '2019-01-08 09:24:59', '2019-01-08 09:24:59'),
(11, 'อมรรัตน์', '087 6228227', '', 'บางเหนียว', '2019-01-08 09:25:21', '2019-01-08 09:25:21'),
(12, 'เจ๊จัน', '089 6505933', '', 'เกษตร', '2019-01-08 09:25:26', '2019-01-08 09:25:26'),
(13, 'อํานวย', '081 0920977', '', 'เกษตร', '2019-01-08 09:26:12', '2019-01-08 09:26:12'),
(14, 'ประดับ', '076 230078', '', 'เกษตร', '2019-01-08 09:26:42', '2019-01-08 09:26:42'),
(15, 'ต้อม', '062 3654649', '', 'กะทู้', '2019-01-08 09:34:13', '2019-01-08 09:34:13'),
(16, 'ซิ่ม', '087 4174372', '', 'กะทู้', '2019-01-08 09:35:33', '2019-01-08 09:35:33'),
(17, '่อังคณา', '086 9417652', '', 'กะทู้', '2019-01-08 09:35:54', '2019-01-08 09:35:54'),
(18, 'โกน้อง', '087 8837909', '', 'กะทู้', '2019-01-08 09:36:09', '2019-01-08 09:36:09'),
(19, 'หนู', '082 4215381', '', 'กะทู้', '2019-01-08 09:36:37', '2019-01-08 09:36:37'),
(20, 'P หนอย', '084 7466798', '', 'กะทู้', '2019-01-08 09:36:40', '2019-01-08 09:36:40'),
(21, 'นุ่น', '094 5148100', '', 'กะทู้', '2019-01-08 09:37:23', '2019-01-08 09:37:23'),
(22, 'อ๊อม', '087 4669494', '', 'กะทู้', '2019-01-08 09:37:45', '2019-01-08 09:37:45'),
(23, 'พิชัย', '088 7511253', '', 'กะทู้', '2019-01-08 09:38:05', '2019-01-08 09:38:05'),
(24, 'เจี๊ยบ', '081 9789878', '', 'กะทู้', '2019-01-08 09:38:22', '2019-01-08 09:40:18'),
(25, 'ชู', '082 0013405', '', 'กะทู้', '2019-01-08 09:38:31', '2019-01-08 09:38:31'),
(26, 'นุ้ย', '086 7397456', '', 'กะทู้', '2019-01-08 09:39:20', '2019-01-08 09:39:20'),
(27, 'ตา ในจิตร', '076 321095', '', 'กะทู้', '2019-01-08 09:39:36', '2019-01-08 09:39:36'),
(28, 'โกยศ', '084 6306982', '', 'กะทู้', '2019-01-08 09:40:14', '2019-01-08 09:40:14'),
(29, 'โกยุทธ', '086 2737578', '', 'กะทู้', '2019-01-08 09:41:24', '2019-01-08 09:41:24'),
(30, 'ป้าเชียด', '083 1033657', '', 'กะทู้', '2019-02-06 13:53:20', '2019-02-06 13:53:20'),
(31, 'ลูกป้าเชียด', '', '', 'กะทู้', '2019-02-06 13:54:37', '2019-02-06 13:54:37'),
(32, 'ป้ายา', '087 0389696', '', 'กะทู้', '2019-02-06 13:55:47', '2019-02-06 13:55:47'),
(33, 'ป้าเตือน', '089 7257133 / 099 5085717', '', 'กะทู้', '2019-02-06 13:57:35', '2019-02-06 13:57:35'),
(34, 'ป้าพองมุก', '087 2777740', '', 'กะทู้', '2019-02-06 13:58:36', '2019-02-06 13:58:36'),
(35, 'เจ๊หยก', '083 3934432', '', 'กะทู้', '2019-02-06 13:59:16', '2019-02-06 13:59:16'),
(36, 'วาสนา', '081 5354098', '', 'เกษตร', '2019-02-06 14:01:52', '2019-02-06 14:01:52'),
(37, 'ครัว NC ', '062 9546564 / 088 7511682', '', 'เกษตร', '2019-02-06 14:02:45', '2019-02-06 14:02:45'),
(38, 'รุ่งดอกไม้', '', '', 'เกษตร', '2019-02-06 14:03:14', '2019-02-06 14:03:14'),
(39, 'เอ๋', '081 3978909', '', 'สะพานหิน', '2019-02-06 14:04:42', '2019-02-06 14:04:42'),
(40, 'ภาณุ', '', '', 'สะพานหิน', '2019-02-06 14:07:18', '2019-02-06 14:07:18'),
(41, 'ลิน', '076 250307', '', 'สะพานหิน', '2019-02-06 14:07:54', '2019-02-06 14:07:54'),
(42, 'รักน์', '087 3813655 / 076 250290', '', 'สะพานหิน', '2019-02-06 14:10:10', '2019-02-06 14:10:10'),
(43, 'แอม', '081 2569615', '', 'สะพานหิน', '2019-02-06 14:10:36', '2019-02-06 14:10:36'),
(44, 'โกตี๋', '089 4719271', '', 'สะพานหิน', '2019-02-06 14:11:25', '2019-02-06 14:11:25'),
(45, 'โกเกียร์', '083 5906816', '', 'นาคา', '2019-02-06 14:13:09', '2019-02-06 14:13:09'),
(46, 'หมาย', '', '', 'นาคา', '2019-02-06 14:14:37', '2019-02-06 14:14:37'),
(47, 'วิ(ขนนหน้าอําเพอ)', '082 7828224', '', 'นาคา', '2019-02-06 14:16:05', '2019-02-06 14:16:05'),
(48, 'แสงภูไทย', '081 8913775', '', 'นาคา', '2019-02-06 14:17:44', '2019-02-06 14:17:44'),
(49, 'ตุ๊ก', '087 3846871', '', 'นาคา', '2019-02-06 14:18:36', '2019-02-06 14:18:36'),
(50, 'เก๋ากิ๋ก', '', '', 'นาคา', '2019-02-06 14:19:03', '2019-02-06 14:19:03'),
(51, 'จิบโห่ย', '087 1864780', '', 'สามกอง', '2019-02-06 14:21:46', '2019-02-06 14:21:46'),
(52, 'ป้าแต๋ว', '087 7374922', '', 'สามกอง', '2019-02-06 14:22:15', '2019-02-06 14:22:15'),
(53, 'Vคาเฟ่สามกอง', '082 4842388', '', 'สามกอง', '2019-02-06 14:23:26', '2019-02-06 14:23:26'),
(54, 'มาดล', '081 081 8991', '', 'สามกอง', '2019-02-06 14:24:04', '2019-02-06 14:24:04'),
(55, 'นิด', '098 6707147', '', 'สามกอง', '2019-02-06 14:25:03', '2019-02-06 14:25:03'),
(56, 'กน', '087 8870707', '', 'สามกอง', '2019-02-06 14:25:28', '2019-02-06 14:25:28'),
(57, 'ติมเวินล้าน', '076 223820', '', 'สามกอง', '2019-02-06 14:27:47', '2019-02-06 14:27:47'),
(58, 'แก่น', '099 4087122', '', 'สามกอง', '2019-02-06 14:28:10', '2019-02-06 14:28:10'),
(59, 'หลิน', '089 5947276', '', 'สามกอง', '2019-02-06 14:28:35', '2019-02-06 14:28:35'),
(60, 'โอ๋สตอเบอรี่', '085 4042906', '', 'สามกอง', '2019-02-06 14:29:18', '2019-02-06 14:29:18'),
(61, 'ถูเก็ตวิทย์ (pมุก)', '083 6335619', '', 'สามกอง', '2019-02-06 14:30:41', '2019-02-06 14:30:41'),
(62, 'วิทยาสาธิต', '', '', 'สามกอง', '2019-02-06 14:31:27', '2019-02-06 14:31:27'),
(63, 'นู่', '083 640 2626', '', 'สามกอง', '2019-02-06 14:32:02', '2019-02-06 14:32:02'),
(64, 'จน', '081 8945422', '', 'สามกอง', '2019-02-06 14:34:03', '2019-02-06 14:34:03'),
(65, 'ป้าแดงครัวใต้', '081 7374922', '', 'สามกอง', '2019-02-06 14:35:03', '2019-02-06 14:35:03'),
(66, 'ภุเก็ตอะใหล่', '081 6763929', '', 'สามกอง', '2019-02-06 14:36:51', '2019-02-06 14:36:51'),
(67, 'ชาวนันไก่', '081 7973529', '', 'สามกอง', '2019-02-06 14:37:50', '2019-02-06 14:37:50'),
(68, 'ชานะยอม', '081 0990884', '', 'สามกอง', '2019-02-06 14:38:23', '2019-02-06 14:38:23'),
(69, 'เจ๊อ้อย', '089 4715225', '', 'สามกอง', '2019-02-06 14:38:51', '2019-02-06 14:38:51'),
(70, 'โกยา', '086 5596496', '', 'สามกอง', '2019-02-06 14:39:19', '2019-02-06 14:39:19'),
(71, 'ก็อต', '096 6356938', '', 'สามกอง', '2019-02-06 14:39:48', '2019-02-06 14:39:48'),
(72, 'แดลี่ฮัด', '091 8209253', '', 'สามกอง', '2019-02-06 14:40:48', '2019-02-06 14:40:48'),
(73, 'โกสู้', '084 6293560', '', 'เมืองทอง-มุมเมือง', '2019-02-06 14:47:08', '2019-02-06 14:47:08'),
(74, 'แฟชัน', '081 8949129', '', 'เมืองทอง-มุมเมือง', '2019-02-06 14:49:16', '2019-02-06 14:49:16'),
(75, 'นัน', '081 5372223', '', 'เมืองทอง-มุมเมือง', '2019-02-06 14:50:03', '2019-02-06 14:50:03'),
(76, 'โกใหม(กาแฟ)', '096 8099344', '', 'เมืองทอง-มุมเมือง', '2019-02-06 14:50:56', '2019-02-06 14:50:56'),
(77, 'ดา(บ่อแร่)', '081 6761101', '', 'เมืองทอง-มุมเมือง', '2019-02-06 14:52:14', '2019-02-06 14:52:14'),
(78, 'แอน', '081 9789127', '', 'เมืองทอง-มุมเมือง', '2019-02-06 14:53:43', '2019-02-06 14:53:43'),
(79, 'ป้าแจ๋ว(ขายหมู)', '095 8415050', '', 'เมืองทอง-มุมเมือง', '2019-02-06 14:54:24', '2019-02-06 14:54:24'),
(80, 'แจ๋ว(นาโต๋)', '081 4774377', '', 'เมืองทอง-มุมเมือง', '2019-02-06 14:55:12', '2019-02-06 14:55:12'),
(81, 'กุ่ว', '081 7974713', '', 'เมืองทอง-มุมเมือง', '2019-02-06 14:56:12', '2019-02-06 14:56:12'),
(82, 'เอ๋ (วิลล่า)', '099 7163927', '', 'เมืองทอง-มุมเมือง', '2019-02-06 14:56:42', '2019-02-06 14:56:42'),
(83, 'น้อย(ขายผลไม้)', '088 7533935', '', 'เมืองทอง-มุมเมือง', '2019-02-06 14:57:29', '2019-02-06 14:57:29'),
(84, 'โกแก้ว', '081 4150257', '', 'เมืองทอง-มุมเมือง', '2019-02-06 14:58:00', '2019-02-06 14:58:00'),
(85, 'โกอุดบบ่อแร่', '089 6515003', '', 'เมืองทอง-มุมเมือง', '2019-02-06 14:58:52', '2019-02-06 14:58:52'),
(86, 'นลาสติก', '086 6983908', '', 'เมืองทอง-มุมเมือง', '2019-02-06 14:59:52', '2019-02-06 14:59:52'),
(87, 'ซุปเปอร์วันชัย', '087 4174529', '', 'นาบวน-ถนนขวาง-ฉลอง', '2019-02-07 02:47:07', '2019-02-07 02:47:07'),
(88, 'น้อย (กาแฟ)', '083 1041942', '', 'นาบวน-ถนนขวาง-ฉลอง', '2019-02-07 02:47:27', '2019-02-07 02:48:29'),
(89, ' vกาแฟ', '088 7521352', '', 'นาบวน-ถนนขวาง-ฉลอง', '2019-02-07 02:48:06', '2019-02-07 02:48:06'),
(90, 'ดอดหุ', '098 6716658', '', 'นาบวน-ถนนขวาง-ฉลอง', '2019-02-07 02:49:29', '2019-02-07 02:49:53'),
(91, 'หทสนา', '', '', 'นาบวน-ถนนขวาง-ฉลอง', '2019-02-07 02:51:56', '2019-02-07 02:51:56'),
(92, 'อ้าบ้านใหญ่', '080 5376231 / 089 7245598', '', 'นาบวน-ถนนขวาง-ฉลอง', '2019-02-07 02:53:18', '2019-02-07 02:53:18'),
(93, 'โกใหม', '096 8099344', '', 'นาบวน-ถนนขวาง-ฉลอง', '2019-02-07 02:53:41', '2019-02-07 02:53:41'),
(94, 'เชมชาพะยอม', '062 4659698', '', 'นาบวน-ถนนขวาง-ฉลอง', '2019-02-07 02:55:17', '2019-02-07 02:55:17'),
(95, 'แอปปี้เค็ก', '', '', 'นาบวน-ถนนขวาง-ฉลอง', '2019-02-07 02:55:56', '2019-02-07 02:55:56'),
(96, 'ผึ้ง หมู่บ้านมณีครา', '081 5352159', '', 'นาบวน-ถนนขวาง-ฉลอง', '2019-02-07 02:56:36', '2019-02-07 02:56:36'),
(97, 'นุช', '062 5011738 ', '', 'กะตะ', '2019-02-07 02:57:32', '2019-02-07 02:57:32'),
(98, 'พร', '098 0293520', '', 'กะตะ', '2019-02-07 02:58:39', '2019-02-07 02:58:39'),
(99, 'ธล', '081 5665155', '', 'กะตะ', '2019-02-07 02:59:18', '2019-02-07 02:59:18'),
(100, 'สาน', '068 0589534', '', 'กะตะ', '2019-02-07 02:59:36', '2019-02-07 02:59:36'),
(101, 'แฟนโต๋(ไก่)', '087 6161614', '', 'กะตะ', '2019-02-07 03:00:27', '2019-02-07 03:00:27'),
(102, 'สุ', '099 3079996', '', 'กะตะ', '2019-02-07 03:00:46', '2019-02-07 03:00:46'),
(103, 'ยา', '064 5989717', '', 'กะตะ', '2019-02-07 03:01:05', '2019-02-07 03:01:05'),
(104, 'โต๋', '062 3659291', '', 'กะตะ', '2019-02-07 03:01:43', '2019-02-07 03:01:43'),
(105, 'แอ๋ว', '084 7469439', '', 'กะตะ', '2019-02-07 03:02:08', '2019-02-07 03:04:30'),
(106, 'กวาง', '081 9729402', '', 'กะตะ', '2019-02-07 03:02:31', '2019-02-07 03:02:31'),
(107, 'ก๊ะมา', '086 5684091', '', 'กะตะ', '2019-02-07 03:03:05', '2019-02-07 03:03:05'),
(108, 'ก๊ะสวย', '', '', 'กะตะ', '2019-02-07 03:03:18', '2019-02-07 03:03:18'),
(109, 'ก๊ะละ', '087 8927757', '', 'กะตะ', '2019-02-07 03:03:44', '2019-02-07 03:03:44'),
(110, 'ก๊ะไว', '087 2928801', '', 'กะตะ', '2019-02-07 03:04:03', '2019-02-07 03:04:03'),
(111, 'แจ๋ว', '081 8919374', '', 'กะตะ', '2019-02-07 03:04:59', '2019-02-07 03:04:59'),
(112, 'ผู้ใหญ่โอ๋', '081 9680554', '', 'กะตะ', '2019-02-07 03:05:35', '2019-02-07 03:05:35'),
(113, 'พกมวย', '088 1068191', '', 'กะตะ', '2019-02-07 03:06:22', '2019-02-07 03:06:22'),
(114, 'เฉิม', '093 6431791 / 092 5310749', '', 'กะตะ', '2019-02-07 03:06:49', '2019-02-07 03:06:49'),
(115, 'ปลากะตะ', '096 5514586', '', 'กะตะ', '2019-02-07 03:07:12', '2019-02-07 03:07:12'),
(116, 'หญิง', '081 3971822', '', 'สวนหลวง', '2019-02-07 03:07:52', '2019-02-07 03:07:52'),
(117, 'หนึ่ง (4H)', '093 6717390', '', 'สวนหลวง', '2019-02-07 03:08:22', '2019-02-07 03:08:22'),
(118, 'โกโรจน์', '076 252541', '', 'เกาะสิเกส', '2019-02-07 03:09:45', '2019-02-07 03:09:45'),
(119, 'อ้อย', '076 810429', '', 'เกาะสิเกส', '2019-02-07 03:10:04', '2019-02-07 03:10:04'),
(120, 'ลุงอ้วน', '082 8003759', '', 'เกาะสิเกส', '2019-02-07 03:10:23', '2019-02-07 03:10:23'),
(121, 'ดาวPE', '081 7050830', '', 'เกาะสิเกส', '2019-02-07 03:10:50', '2019-02-07 03:10:50'),
(122, 'อาหมิด', '081 3071180', '', 'เกาะสิเกส', '2019-02-07 03:11:08', '2019-02-07 03:11:08'),
(123, 'ลิ้ม', '089 1952881', '', 'เกาะสิเกส', '2019-02-07 03:11:31', '2019-02-07 03:11:31'),
(124, 'ตา', '081 1563743', '', 'เกาะสิเกส', '2019-02-07 03:12:41', '2019-02-07 03:12:41'),
(125, 'ประทีป', '076 217800', '', 'เกาะสิเกส', '2019-02-07 03:13:11', '2019-02-07 03:13:11'),
(126, 'บัชสน', '089 4752088', '', 'เกาะสิเกส', '2019-02-07 03:13:52', '2019-02-07 03:13:52'),
(127, 'ภูเก็ตไฟเนอ', '086 9186973', '', 'เกาะสิเกส', '2019-02-07 03:14:32', '2019-02-07 03:14:32'),
(128, 'ขานรับ', '083 1063383', '', 'เกาะสิเกส', '2019-02-07 03:15:09', '2019-02-07 03:15:09'),
(129, 'ธาดล', '087 3892520', '', 'เกาะยาว', '2019-02-07 03:16:39', '2019-02-07 03:21:03'),
(130, 'ฬอร', '081 5377256', '', 'เกาะสิเกส', '2019-02-07 03:17:29', '2019-02-07 03:17:29'),
(131, 'ดาว(ขายถุง)', '087 8821820', '', 'เกาะสิเกส', '2019-02-07 03:18:57', '2019-02-07 03:18:57'),
(132, 'บอย(ขายถุง)', '095 6561955', '', 'เกาะสิเกส', '2019-02-07 03:19:32', '2019-02-07 03:19:32'),
(133, 'อร(แฟนบอย)', '094 5978886', '', 'เกาะสิเกส', '2019-02-07 03:20:05', '2019-02-07 03:20:05'),
(134, 'พี่อุ๋ย กาแฟ', '088 7656463', '', 'เกาะสิเกส', '2019-02-07 03:20:36', '2019-02-07 03:20:36'),
(135, 'บังแอร์', '086 9413197', '', 'เกาะยาว', '2019-02-07 03:21:50', '2019-02-07 03:21:50'),
(136, 'บังศักดิ์', '081 2716469', '', 'เกาะยาว', '2019-02-07 03:22:49', '2019-02-07 03:22:49'),
(137, 'บังโสพ', '095 0161699', '', 'เกาะยาว', '2019-02-07 03:23:38', '2019-02-07 03:23:38'),
(138, 'นังจชัย', '081 9563268 ', '', 'เกาะสิเกส', '2019-02-07 03:26:07', '2019-02-07 03:26:07'),
(139, 'วันชัย', ' 061-3546394', '', 'บางเหนืยว', '2019-02-07 03:39:34', '2019-02-07 03:39:34'),
(140, 'สุ', '095 4194059', '', 'เกาะแก้ว-สะปำ-ท่าเรือ-เสาวรี-บางเทา', '2019-02-07 03:52:01', '2019-02-07 03:52:01'),
(141, 'บันณาง', '082 2721081', '', 'เกาะแก้ว-สะปำ-ท่าเรือ-เสาวรี-บางเทา', '2019-02-07 03:52:56', '2019-02-07 03:52:56'),
(142, 'ณี', '086 9420882', '', 'เกาะแก้ว-สะปำ-ท่าเรือ-เสาวรี-บางเทา', '2019-02-07 03:53:12', '2019-02-07 03:53:12'),
(143, 'นุวรอน', '085 4726125', '', 'เกาะแก้ว-สะปำ-ท่าเรือ-เสาวรี-บางเทา', '2019-02-07 03:55:22', '2019-02-07 03:55:22'),
(144, 'ก๊ะนา', '081 8950261', '', 'เกาะแก้ว-สะปำ-ท่าเรือ-เสาวรี-บางเทา', '2019-02-07 03:56:06', '2019-02-07 03:56:06'),
(145, 'ก๊ะตรี', '093 7272865', '', 'เกาะแก้ว-สะปำ-ท่าเรือ-เสาวรี-บางเทา', '2019-02-07 03:56:37', '2019-02-07 03:56:37'),
(146, 'พลวย', '', '', 'เกาะแก้ว-สะปำ-ท่าเรือ-เสาวรี-บางเทา', '2019-02-07 03:56:49', '2019-02-07 03:56:49'),
(147, 'ใหม่', '094 5915276', '', 'เกาะแก้ว-สะปำ-ท่าเรือ-เสาวรี-บางเทา', '2019-02-07 03:57:21', '2019-02-07 03:57:21'),
(148, 'หญึง', '081 9794557', '', 'เกาะแก้ว-สะปำ-ท่าเรือ-เสาวรี-บางเทา', '2019-02-07 03:58:10', '2019-02-07 03:58:58'),
(149, 'หนุน', '094 8266564', '', 'เกาะแก้ว-สะปำ-ท่าเรือ-เสาวรี-บางเทา', '2019-02-07 03:59:42', '2019-02-07 03:59:42'),
(150, 'วี', '093 5783477 / 089 4722612', '', 'เกาะแก้ว-สะปำ-ท่าเรือ-เสาวรี-บางเทา', '2019-02-07 04:00:10', '2019-02-07 04:00:10'),
(151, 'อนันขาวชทา', '098 7263966', '', 'เกาะแก้ว-สะปำ-ท่าเรือ-เสาวรี-บางเทา', '2019-02-07 04:01:04', '2019-02-07 04:01:04'),
(152, 'ก๊ะต้า', '087 2634713', '', 'เกาะแก้ว-สะปำ-ท่าเรือ-เสาวรี-บางเทา', '2019-02-07 04:01:49', '2019-02-07 04:01:49'),
(153, 'จิราพร', '091 7612247', '', 'เกาะแก้ว-สะปำ-ท่าเรือ-เสาวรี-บางเทา', '2019-02-07 04:02:10', '2019-02-07 04:02:10'),
(154, 'นัดนาวโรง', '081 8954151', '', 'เกาะแก้ว-สะปำ-ท่าเรือ-เสาวรี-บางเทา', '2019-02-07 04:02:46', '2019-02-07 04:02:46'),
(155, 'ใจแปปลา', '081 8952995', '', 'เกาะแก้ว-สะปำ-ท่าเรือ-เสาวรี-บางเทา', '2019-02-07 04:03:21', '2019-02-07 04:03:21'),
(156, 'แตงโมชูชิ', '082 1792367', '', 'เกาะแก้ว-สะปำ-ท่าเรือ-เสาวรี-บางเทา', '2019-02-07 04:04:05', '2019-02-07 04:04:05'),
(157, 'นิด', '081 5385146', '', 'ท่าเรือ', '2019-02-07 04:04:54', '2019-02-07 04:04:54'),
(158, 'โกศักดิ์', '099 2422629', '', 'เกาะแก้ว-สะปำ-ท่าเรือ-เสาวรี-บางเทา', '2019-02-07 04:05:25', '2019-02-07 04:05:25'),
(159, 'สมาลี', '087 6257323', '', 'เกาะแก้ว-สะปำ-ท่าเรือ-เสาวรี-บางเทา', '2019-02-07 04:05:54', '2019-02-07 04:05:54'),
(160, 'มะวี', '082 5320451', '', 'เกาะแก้ว-สะปำ-ท่าเรือ-เสาวรี-บางเทา', '2019-02-07 04:06:12', '2019-02-07 04:06:12'),
(161, 'ตุ๊ก กาแฟ', '', '', 'เกาะแก้ว-สะปำ-ท่าเรือ-เสาวรี-บางเทา', '2019-02-07 04:06:33', '2019-02-07 04:06:33'),
(162, 'แต๋ว ตะกร้า', '', '', 'เกาะแก้ว-สะปำ-ท่าเรือ-เสาวรี-บางเทา', '2019-02-07 04:06:48', '2019-02-07 04:06:48'),
(163, 'PWM [TEST]', '0873874057', 'Krit', 'Phuket', '2019-04-25 10:30:30', '2019-04-25 10:30:30');

-- --------------------------------------------------------

--
-- Table structure for table `customer_order`
--

CREATE TABLE `customer_order` (
  `id` int(11) NOT NULL,
  `customer_id` int(11) NOT NULL,
  `invoice_id` int(11) NOT NULL,
  `product_id` int(11) NOT NULL
) ENGINE=InnoDB DEFAULT CHARSET=utf8 COLLATE=utf8_unicode_ci;

-- --------------------------------------------------------

--
-- Table structure for table `factorie_sales`
--

CREATE TABLE `factorie_sales` (
  `id` int(11) NOT NULL,
  `factory_id` int(11) NOT NULL,
  `name` text COLLATE utf8_unicode_ci NOT NULL,
  `phone` text COLLATE utf8_unicode_ci NOT NULL
) ENGINE=InnoDB DEFAULT CHARSET=utf8 COLLATE=utf8_unicode_ci;

--
-- Dumping data for table `factorie_sales`
--

INSERT INTO `factorie_sales` (`id`, `factory_id`, `name`, `phone`) VALUES
(3, 12, 'พี่เร', '086 3963840'),
(4, 12, 'เปรม', '02 0337967'),
(6, 13, 'กุล', '096 6926916'),
(7, 14, 'ซ้อสุชีรา', '081 3565240'),
(8, 14, 'มี่', '081 4386449'),
(12, 18, 'หยิ่บ', '085 1510141'),
(13, 19, 'ดำ', '091  7166710'),
(14, 20, 'anyone', '088 2278548'),
(15, 21, 'anyone', '086 3107345'),
(16, 22, 'อาคม', '095 5653725'),
(17, 23, 'ชนาทิพ', '091 8216422'),
(18, 24, 'นก', '061 4149144'),
(19, 25, 'anyone', '083 0971502'),
(20, 27, 'Bank', '084 3430066'),
(21, 28, 'เด่น', '098 828 3617'),
(33, 37, 'แจ็ส', '093 9374484'),
(34, 37, 'นิด', '088 7661432'),
(36, 39, 'สมศักด์', '084 3340909'),
(38, 30, 'เสกสันต์', '081 5376365'),
(41, 43, 'นิน', '081 7380905'),
(42, 43, 'รง', '094 9342998'),
(43, 44, 'แป๋ว', '081 7503133'),
(44, 45, 'เพ็ญจันทร์', '081 7503133'),
(46, 47, 'office', '0863800817'),
(48, 46, 'คุณกฤษฎา', '028 181879'),
(50, 49, 'ปราหยัด', '098 2608885'),
(51, 49, 'นุธ', '086 7587216'),
(52, 50, 'วิจักขณ์', '061 7841118'),
(53, 51, 'เสิก', '089 7340068'),
(54, 52, 'หนึ่ง', '064 2695359'),
(55, 53, 'ออปฟิต', '086 9020153'),
(56, 53, 'ผิง', '081 6144012'),
(58, 54, 'sale', '083 0074952'),
(59, 55, 'ที', '064 3653593'),
(60, 56, 'จเด็จ', '087 7507789'),
(61, 57, 'ท๊อบ', ' 081 5586989'),
(62, 57, 'รง', '081 3141724'),
(63, 58, 'พงศัก', '091 2299948'),
(64, 58, 'วิสุด', '081 4318889'),
(65, 59, 'เซล', '081 8276634'),
(66, 59, 'รง', '098 2711356'),
(67, 42, 'sale', '087 4191345'),
(68, 36, 'สมสี', '081 8936312'),
(69, 36, 'สุ', '083 3917431'),
(71, 34, 'ธรีพล', '028 9259845'),
(72, 32, 'ปราเสริฐ', '081 8978789'),
(73, 31, 'sale', '063 2131176'),
(74, 31, 'sale', '061 5978951'),
(76, 29, 'ซีเท็ก', '098 5308721'),
(79, 35, 'ลําเริง', '064 2647945'),
(80, 35, 'sale', '062 4142889'),
(81, 15, 'ประเสริฐ', '081 8978798'),
(82, 40, 'ลุด', '084 6263123'),
(83, 40, 'sale', '093 1311636'),
(84, 41, 'ลิ้ม', '081 7367019'),
(85, 41, 'ลิ้ม', '098 2879878'),
(86, 60, 'sale', '089 2063901'),
(87, 60, 'sale', '089 2066460'),
(88, 61, 'ธนาทิพ', '091 8216422'),
(89, 62, 'sale', '089 4504249'),
(90, 63, 'sale', '085 0708787'),
(93, 33, 'รัชกฤช', '086 955472'),
(94, 33, 'ละมัย', '081 5417685'),
(95, 64, 'พินิด', '081 4226435'),
(96, 65, 'เกี้ย', '062 5549956'),
(99, 48, 'เกี้ย', '062 5549956'),
(100, 16, 'จุน', '081 13636343'),
(105, 11, 'โหน่ง', '085 3236594'),
(106, 38, 'ปาม', '061 7841118'),
(107, 66, 'เอ๋', '092 8731229'),
(108, 67, 'ชลิต', '081 9491029'),
(109, 17, 'เฮียงวน', '081 9590840');

-- --------------------------------------------------------

--
-- Table structure for table `factory`
--

CREATE TABLE `factory` (
  `id` int(11) NOT NULL,
  `code` varchar(11) COLLATE utf8_unicode_ci NOT NULL,
  `name` varchar(100) COLLATE utf8_unicode_ci NOT NULL,
  `manufacturer` text COLLATE utf8_unicode_ci NOT NULL,
  `tel` varchar(10) COLLATE utf8_unicode_ci NOT NULL,
  `line_id` varchar(100) COLLATE utf8_unicode_ci NOT NULL,
  `house_number` varchar(11) COLLATE utf8_unicode_ci NOT NULL,
  `road` text COLLATE utf8_unicode_ci NOT NULL,
  `district` text COLLATE utf8_unicode_ci NOT NULL,
  `sub_district` text COLLATE utf8_unicode_ci NOT NULL,
  `moo` varchar(10) COLLATE utf8_unicode_ci NOT NULL,
  `province` varchar(100) COLLATE utf8_unicode_ci NOT NULL,
  `country` varchar(100) COLLATE utf8_unicode_ci NOT NULL,
  `zip_code` varchar(11) COLLATE utf8_unicode_ci NOT NULL,
  `date_inserted` timestamp NOT NULL DEFAULT CURRENT_TIMESTAMP,
  `date_last_update` timestamp NOT NULL DEFAULT CURRENT_TIMESTAMP ON UPDATE CURRENT_TIMESTAMP,
  `status` int(11) NOT NULL DEFAULT '1' COMMENT '0=delete 1=online'
) ENGINE=InnoDB DEFAULT CHARSET=utf8 COLLATE=utf8_unicode_ci;

--
-- Dumping data for table `factory`
--

INSERT INTO `factory` (`id`, `code`, `name`, `manufacturer`, `tel`, `line_id`, `house_number`, `road`, `district`, `sub_district`, `moo`, `province`, `country`, `zip_code`, `date_inserted`, `date_last_update`, `status`) VALUES
(11, '001', 'EPP', 'บริษัทอีสเทิร์นโพลีแพค', '02 7443139', '', '770', 'เทพารักษ์', 'เทพารักษ์', 'เมืองสมุทรปราการ', '6', 'สมุทรปราการ', 'Thailand', '10270', '2018-12-29 09:14:38', '2019-03-02 09:55:53', 1),
(12, '002', 'J.T.Pack', 'เจ.ที.แพ็คออฟ ฟู้ดส์', '02 8837999', '', '75/75', 'จันทร์ทองเอี่ยม', 'รักพัฒนา', 'บางบัวทอง', '', 'นนทบุรี', 'Thailand', '11110', '2019-01-07 06:21:18', '2019-01-07 06:21:18', 1),
(13, '003', 'Sajja Pack', 'สัจจะ แพ็ค', '02 4178462', '', '1 ซอยพระยาม', 'แยก 33', 'คลองบางบอน', 'เขตบางบอน', '', 'กรุงเทพ', 'Thailand', '10150', '2019-01-07 06:31:14', '2019-01-07 06:31:14', 1),
(14, '004', 'แหลมทองพลาสติก', 'แหลมทองพลาสติก', '', '', '53/95', 'เฉลิมพระเกียรติ 9', 'ซ. เฉลิมพระเกียรติ 48', 'แขวง ดอกไม้', 'เขต ประเวศ', 'กรุงเทพ', 'Thailand', '10250', '2019-01-07 06:38:57', '2019-01-07 06:38:57', 1),
(15, '005', 'นิกส์เยียร์เทรดดิ้ง', 'นิกส์เยียร์เทรดดิ้ง', '', '', '179', 'กาญจนวนิช', 'ซ. 20/1', '', '', 'หาดใหญ่', 'Thailand', '90110', '2019-01-07 06:42:25', '2019-01-08 06:25:42', 1),
(16, '006', 'โรงงานถุงขยะ คุฌชูเกียดร์', 'โรงงานถุงขยะ มังกร', '', '', '', '', '', '', '', '', '', '', '2019-01-07 06:45:23', '2019-02-16 05:45:42', 1),
(17, '007', ' ธีระศักดี ไพศาล ธนกิจกุล', 'ไพศ่าล', '074 542204', '', '1333', 'จรัญสนิตวงศ์', '', '', ' แขวงวัตท่', 'กรุงเทพ', '', '10600', '2019-01-07 06:53:05', '2019-04-16 06:45:29', 1),
(18, '008', 'ชัยพัฒบ์', 'ชัยพัฒบ์', '02 4157040', '', '', '', '', '', '', '', '', '', '2019-01-07 07:01:24', '2019-01-07 07:01:24', 1),
(19, '009', 'Graceชานอ้อย', 'Graceชานอ้อย', '02 9445512', '', '46/151', 'นวลจันทร์', 'แขวงคลองกุ่ม', 'บึงกุ่ม', '', 'กรุงเทพ', 'Thailand', '10230', '2019-01-07 07:11:01', '2019-01-07 07:11:01', 1),
(20, '010', 'DKSH (โอวัลติน)', 'DKSH (โอวัลติน)', '02 7908000', '', '2535', 'สุขุมวิท', 'บางจาก', 'พระโขนง', '', 'กรุงเทพ', 'Thailand', '10260', '2019-01-07 07:16:12', '2019-01-07 09:53:38', 1),
(21, '011', 'M.C.S.Plastech(กระปุก)', 'M.C.S.Plastech(กระปุก)', '', '', '', '', '', '', '', '', '', '', '2019-01-07 07:18:30', '2019-01-07 07:18:30', 1),
(22, '012', 'SRP PolyPack(ขวด)', 'SRP PolyPack(ขวด)', '038 026404', '', '155', '', 'ชุมแสง', 'วังจันทร์', '6', 'ระยอง', 'Thailand', '21210', '2019-01-07 07:38:52', '2019-01-07 07:38:52', 1),
(23, '013', 'Bangkok Flour& Food Trading', 'บางกอกฟลาวร์แอนด์ฟู้ดเทดดิ้ง', '02 3939104', '', '48/1-2', 'ปู่เจ้าสมิงพราย', 'สำโรงไต้', 'พระประแดง', 'ซ. วัดหาวง', 'สมุทรปราการ', 'Thailand', '10130', '2019-01-07 07:54:39', '2019-01-07 07:54:39', 1),
(24, '014', 'วีพลัสอินเตอร์แพ็ค(แอ๊ปเปิ้ล)', 'วีพลัสอินเตอร์แพ็ค(แอ๊ปเปิ้ล)', '077 203804', '', '6', 'เศรษฐภักดี', 'ตลาด', 'เมือง', '', 'สุราษฏร์', 'Thailand', '84000', '2019-01-07 08:00:05', '2019-01-07 08:00:05', 1),
(25, '015', 'MMP corporation', 'เอ็มเอ็มพีคอร์ปอเรชั่น', '081891593', '', '3075/1-2', 'สุขุมวิท', 'บางจาก', 'พระโขนง', '', 'กรุงเทพ', 'Thailand', '10260', '2019-01-07 08:09:27', '2019-01-07 08:09:27', 1),
(26, '016', 'มงคลพลาสติก', 'Mongkol Plastic', '', '', '', '', '', '', '', '', '', '', '2019-01-07 08:12:09', '2019-04-01 05:54:55', 1),
(27, '017', 'RBM(ไข่มุกหมี)', 'RBM(ไข่มุกหมี)', '02 4310511', '', '', '', '', '', '', '', '', '', '2019-01-07 08:25:21', '2019-01-07 08:25:21', 1),
(28, '018', 'DA Plus Industrial', 'DA Plus Industrial', '', '', '', '', '', '', '', '', '', '', '2019-01-07 08:31:01', '2019-01-07 08:31:01', 1),
(29, '019', 'ซีเท็ก', 'ซีเท็ก', '', '', '', '', '', '', '', '', '', '', '2019-01-07 08:33:33', '2019-01-08 06:20:21', 1),
(30, '020', 'ห้างหุ้นส่วนจํากัด 2 เคอุตสาหกรรมพลาสติก สํานักงานใหญ่', 'ห้างหุ้นส่วนจํากัด 2 เคอุตสาหกรรมพลาสติก สํานักงานใหญ่', '074 541915', '', '151 ม.3 ', 'ควนสะดอ', 'สะเดา', '', '', 'สงขลา', '', '90170', '2019-01-07 08:38:19', '2019-01-07 09:52:47', 1),
(31, '021', 'ไชรการ', 'ไชรการ', '', '', '', '', '', '', '', '', '', '', '2019-01-07 08:43:13', '2019-01-08 06:20:49', 1),
(32, '022', 'ไฟว์สตาร์', 'ไฟว์สตาร์', '', '', '', '', '', '', '', '', '', '', '2019-01-07 08:46:16', '2019-03-11 07:16:59', 0),
(33, '023', 'สยามพลาสแพค', 'สยามพลาสแพค', '0801383900', '', '628/3', 'กาญจนานิช', 'บ้าพรุ', '', '', 'หาดใหญ่', '', '90250', '2019-01-07 08:54:21', '2019-01-08 07:27:50', 1),
(34, '024', 'อาร์.เอส. โดเมสติกเทรดดิ้ง (สัานักงานใหญ่)', 'อาร์.เอส. โดเมสติกเทรดดิ้ง (สัานักงานใหญ่)', '', '', '', '', '', '', '', '', '', '', '2019-01-07 09:00:19', '2019-01-08 06:21:09', 1),
(35, '025', 'สินทวีภัณฑ์', 'สินทวีภัณฑ์', '', '', '', '', '', '', '', '', '', '', '2019-01-07 09:02:33', '2019-01-08 06:23:57', 1),
(36, '026', 'ลาภทักชิณ(ถุงหนูนุ้ย)', 'ลาภทักชิณ(ถุงหนูนุ้ย)', '', '', '', '', '', '', '', '', '', '', '2019-01-07 09:08:47', '2019-01-08 06:21:16', 1),
(37, '027', 'ตรังการพิมพ์', 'ตรังการพิมพ์', '075 214466', '', '5 ม.5', 'ทุ่งควน - บ่อมะพร้าว', 'นาตาล่วง', '', '', 'ตรัง', '', '', '2019-01-07 09:12:19', '2019-01-07 09:12:19', 1),
(38, '028', 'สมบูรณ์ แพ็คเกจจิ้งSB', 'สมบูรณ์ แพ็คเกจจิ้งSB', '', '', '288', '', 'บางโทรัด', '', '4', 'สมุทรสาคร', '', '74000', '2019-01-07 09:15:35', '2019-03-11 07:13:42', 1),
(39, '029', 'Mintana Company Ltd', 'Mintana Company Ltd', '027 078783', '', '50/1', 'เฉลิมพระเกีตรติ', 'แขวงหนองบอน', '', '', 'กรุงเทพ', '', '10250', '2019-01-07 09:23:01', '2019-01-07 09:23:01', 1),
(40, '030', 'ห้างหุ้นส่วนจํากัด ปกป้องพลาสติกแอนด์แพคเกจจิ้ง', 'ห้างหุ้นส่วนจํากัด ปกป้องพลาสติกแอนด์แพคเกจจิ้ง', '076 321468', '', '59/130', '', 'กะทู้', '', '4', 'ภูเก็ต', '', '83120', '2019-01-07 09:32:35', '2019-01-08 06:36:08', 1),
(41, '031', 'โรงงานหมูหยอง,ไก่หยอง', 'โรงงานหมูหยอง,ไก่หยอง', '', '', '', '', '', '', '', '', '', '', '2019-01-07 09:35:18', '2019-01-08 06:36:17', 1),
(42, '032', 'บีบีซับพลาย', 'บีบีซับพลาย', '', '', '', '', '', '', '', '', '', '', '2019-01-07 09:37:15', '2019-01-08 06:21:26', 1),
(43, '033', 'ภาคใต้พลาสติก', 'ภาคใต้พลาสติก', '', '', '', '', '', '', '', '', '', '', '2019-01-07 09:41:34', '2019-01-07 09:41:34', 1),
(44, '034', 'เบสท์โอเดอร์ (สํานักงานใหย่)', 'เบสท์โอเดอร์ (สํานักงานใหย่)', '029 469283', '', '3397', 'ลาดพร้าว', 'บางกะปิ', '', '', '', 'กรุงเทพ', '10240', '2019-01-07 09:45:16', '2019-01-07 09:45:16', 1),
(45, '035', 'อาร์ แอนด์ บี ฟู้ดวัพพลาย (มหาชน) (สํานักงานใหยญ่)', 'อาร์ แอนด์ บี ฟู้ดวัพพลาย (มหาชน) (สํานักงานใหยญ่)', '029 466813', '', '3395', 'ลาดพร้าว', 'บางกะปิ', '', '', 'กรุงเทพ', '', '10240', '2019-01-07 09:50:23', '2019-01-07 09:50:23', 1),
(46, '036', 'ไอ เอส เอ็ม ฟูดส์ โปรดักส์ จํากัด', 'ไอ เอส เอ็ม ฟูดส์ โปรดักส์ จํากัด', '028 181877', '', '340', 'ประชาอุทิศ-คลองสวน', 'บ้านคลองสวน', '', '4', 'สมุทรปราการ', '', '10290', '2019-01-07 10:04:05', '2019-01-08 06:21:36', 1),
(47, '037', 'เอสเจ', 'เอสเจ', '', '', '', '', '', '', '', '', '', '', '2019-01-07 10:08:10', '2019-01-07 10:08:10', 1),
(48, '038', 'RRP(จลวด)', 'RRP(จลวด)', '', '', '', '', '', '', '', '', '', '', '2019-01-07 10:14:33', '2019-01-08 08:20:33', 1),
(49, '039', 'พรีเซิร์ฟ ฟู้ด สเปเชิยลตี้ จํากัด', 'พรีเซิร์ฟ ฟู้ด สเปเชิยลตี้ จํากัด', '034 110555', '', '77', 'พระราม 2', 'โคกขาม', '', '', '', 'สมุทรสาคร', '74000', '2019-01-07 10:21:06', '2019-01-07 10:21:06', 1),
(50, '040', 'สมบูรณ์แพ็คเกจจิ้ง', 'สมบูรณ์แพ็คเกจจิ้ง', '', '', '', '', '', '', '', '', '', '', '2019-01-07 10:24:55', '2019-03-14 08:34:05', 0),
(51, '041', 'KT', 'KT', '', '', '', '', '', '', '', '', '', '', '2019-01-07 10:27:36', '2019-01-07 10:27:36', 1),
(52, '042', 'ควีนโปรดัก จํากัด', 'ควีนโปรดัก จํากัด', '022 455082', '', '22/1', 'ซอยบุญชูศรี', 'แขวงามเสนใน', '', '', 'กรุงเทพ', '', '10400', '2019-01-07 10:47:10', '2019-01-07 10:47:10', 1),
(53, '043', 'ตรีเทพ', 'ตรีเทพ', '024 578423', '', '', '', '', '', '', '', '', '', '2019-01-08 05:21:40', '2019-01-08 05:21:40', 1),
(54, '044', 'M BOSS', 'M BOSS', '', '', '', '', '', '', '', '', '', '', '2019-01-08 05:31:57', '2019-01-08 06:21:48', 1),
(55, '045', 'ธีระศักดี ไพศาล ธนกิจกุล', 'ธีระศักดี ไพศาล ธนกิจกุล', '', '', '1333', 'จรัญสนิตวงศ์', 'แขวงวัตท่าพรบ', '', '', 'กรุงเทพ', '', '10600', '2019-01-08 05:46:36', '2019-01-08 05:46:36', 1),
(56, '046', 'แป้งแหลมทอง', 'แป้งแหลมทอง', '022 523777', '', '1126/1', 'เพชรบุรีตัดใหม่', 'แขวงมักกะสัน', 'ราชเทวี', '', '', 'กรุงเทพ', '10400', '2019-01-08 05:50:28', '2019-01-08 05:50:28', 1),
(57, '047', 'Sunpac', 'Sunpac', '', '', '', '', '', '', '', '', '', '', '2019-01-08 05:51:51', '2019-01-08 05:51:51', 1),
(58, '048', '3T', '3T', '', '', '', '', '', '', '', '', '', '', '2019-01-08 05:54:14', '2019-01-08 05:54:14', 1),
(59, '049', 'ทองหล่อ', 'ทองหล่อ', '', '', '', '', '', '', '', '', '', '', '2019-01-08 05:55:23', '2019-01-08 05:55:23', 1),
(60, '050', 'มงคลพลาสติก', 'มงคลพลาสติก', '029 229451', '', '', '', '', '', '', '', '', '', '2019-01-08 06:52:11', '2019-01-08 06:52:11', 1),
(61, '051', 'บางกอก ฟลาวร์ แอนด์ ฟูด้ เทรดดิ้ง', 'บางกอก ฟลาวร์ แอนด์ ฟูด้ เทรดดิ้ง', '023 939104', '', '48/1 -2', 'ปู่เจ้าสมิงพราย', 'สําโรงใต้', '', '7ช.วัดมหาว', 'สทมุทรปรากา', '', '10130', '2019-01-08 06:56:59', '2019-03-25 08:34:57', 0),
(62, '052', 'หสมใ ชัดเจน(ตะกร้า)', 'หสมใ ชัดเจน(ตะกร้า)', '', '', '', '', '', '', '', '', '', '', '2019-01-08 06:58:39', '2019-01-08 06:58:39', 1),
(63, '053', 'รง.ถุงหมีเหรียญ', 'รง.ถุงหมีเหรียญ', '', '', '', '', '', '', '', '', '', '', '2019-01-08 07:00:16', '2019-01-08 07:00:16', 1),
(64, '054', 'พินิด', 'พินิด', '0814226435', '', '', '', '', '', '', '', '', '', '2019-01-08 07:27:00', '2019-01-08 07:27:00', 1),
(65, '055', 'RRP', 'RRP', '', '', '', '', '', '', '', '', '', '', '2019-01-08 07:28:03', '2019-01-08 07:28:28', 0),
(66, '056', 'บจ. พี พี พัฒน์', 'P.P.', '', '', '', '', '', '', '', '', '', '', '2019-03-11 07:26:29', '2019-03-11 07:26:29', 1),
(67, '057', 'united flour trading', '', '', '', '', '', '', '', '', '', '', '', '2019-03-25 08:39:35', '2019-03-25 08:39:35', 1);

-- --------------------------------------------------------

--
-- Table structure for table `invoice`
--

CREATE TABLE `invoice` (
  `id` int(11) NOT NULL,
  `invoice_id` text COLLATE utf8_unicode_ci NOT NULL,
  `customer_id` int(11) NOT NULL,
  `invoice_date` date NOT NULL,
  `invoice_payment_status` int(11) NOT NULL DEFAULT '0' COMMENT '0= Awaiting 1 = Delivered, 2 = Paid ,3 = Paid but not deliver',
  `invoice_type` enum('Cash','Transfer','Cheque') COLLATE utf8_unicode_ci NOT NULL DEFAULT 'Cash' COMMENT 'รูปแบบการจ่าย เช่น เงินสด โอน หรือเช็ค ',
  `invoice_credit` int(1) NOT NULL DEFAULT '0' COMMENT '0 = No , 1 = Yes',
  `invoice_due_date` date DEFAULT NULL,
  `note` text COLLATE utf8_unicode_ci NOT NULL,
  `date_inserted` timestamp NOT NULL DEFAULT CURRENT_TIMESTAMP,
  `date_last_update` timestamp NOT NULL DEFAULT CURRENT_TIMESTAMP ON UPDATE CURRENT_TIMESTAMP,
  `userId` int(11) NOT NULL
) ENGINE=InnoDB DEFAULT CHARSET=utf8 COLLATE=utf8_unicode_ci;

--
-- Dumping data for table `invoice`
--

INSERT INTO `invoice` (`id`, `invoice_id`, `customer_id`, `invoice_date`, `invoice_payment_status`, `invoice_type`, `invoice_credit`, `invoice_due_date`, `note`, `date_inserted`, `date_last_update`, `userId`) VALUES
(12, 'IV19050001', 43, '2019-05-02', 2, 'Cash', 1, '2019-05-10', '', '2019-05-02 05:20:34', '2019-05-02 05:23:07', 0),
(13, 'IV19050002', 5, '2019-05-04', 3, 'Cash', 1, '2019-05-05', '', '2019-05-04 04:55:58', '2019-05-04 04:57:26', 0);

-- --------------------------------------------------------

--
-- Table structure for table `invoice_products`
--

CREATE TABLE `invoice_products` (
  `id` int(11) NOT NULL,
  `product_id` int(11) NOT NULL,
  `product_barcode` text NOT NULL,
  `invoice_id` int(11) NOT NULL,
  `value` decimal(10,0) NOT NULL,
  `unit` text NOT NULL,
  `unit_price` decimal(10,0) NOT NULL,
  `price` decimal(10,0) NOT NULL,
  `description` text NOT NULL,
  `date_inserted` timestamp NOT NULL DEFAULT CURRENT_TIMESTAMP,
  `date_last_update` timestamp NOT NULL DEFAULT CURRENT_TIMESTAMP ON UPDATE CURRENT_TIMESTAMP
) ENGINE=InnoDB DEFAULT CHARSET=utf8;

--
-- Dumping data for table `invoice_products`
--

INSERT INTO `invoice_products` (`id`, `product_id`, `product_barcode`, `invoice_id`, `value`, `unit`, `unit_price`, `price`, `description`, `date_inserted`, `date_last_update`) VALUES
(48, 201, '0010010001', 12, '10', 'ลัง', '1800', '18000', '', '2019-05-02 05:20:34', '2019-05-02 05:20:34'),
(49, 201, '0010010001', 13, '10', 'ลัง', '1800', '18000', '', '2019-05-04 04:55:58', '2019-05-04 04:55:58');

-- --------------------------------------------------------

--
-- Table structure for table `manage_stock`
--

CREATE TABLE `manage_stock` (
  `stock_id` int(11) NOT NULL,
  `product_id` int(11) NOT NULL,
  `type` int(11) NOT NULL DEFAULT '0' COMMENT '0=in 1=out ',
  `value` int(11) NOT NULL,
  `doc` varchar(50) COLLATE utf8_unicode_ci NOT NULL,
  `date_inserted` timestamp NOT NULL DEFAULT CURRENT_TIMESTAMP,
  `date_last_update` timestamp NOT NULL DEFAULT CURRENT_TIMESTAMP ON UPDATE CURRENT_TIMESTAMP
) ENGINE=InnoDB DEFAULT CHARSET=utf8 COLLATE=utf8_unicode_ci;

--
-- Dumping data for table `manage_stock`
--

INSERT INTO `manage_stock` (`stock_id`, `product_id`, `type`, `value`, `doc`, `date_inserted`, `date_last_update`) VALUES
(14, 201, 1, 200, 'IV19050001', '2019-05-02 05:21:19', '2019-05-02 05:21:19');

-- --------------------------------------------------------

--
-- Table structure for table `package`
--

CREATE TABLE `package` (
  `id` int(11) NOT NULL,
  `name` text COLLATE utf8_unicode_ci NOT NULL,
  `status` int(11) NOT NULL DEFAULT '1' COMMENT '0 = delete 1=online',
  `date_inserted` timestamp NOT NULL DEFAULT CURRENT_TIMESTAMP,
  `date_last_update` timestamp NOT NULL DEFAULT CURRENT_TIMESTAMP ON UPDATE CURRENT_TIMESTAMP
) ENGINE=InnoDB DEFAULT CHARSET=utf8 COLLATE=utf8_unicode_ci;

--
-- Dumping data for table `package`
--

INSERT INTO `package` (`id`, `name`, `status`, `date_inserted`, `date_last_update`) VALUES
(13, 'ลัง', 1, '2018-12-29 09:17:05', '2018-12-29 09:17:05'),
(14, 'ห่อ', 1, '2019-01-08 08:07:10', '2019-01-08 08:07:10'),
(15, 'กระสอบ', 1, '2019-02-05 06:28:08', '2019-02-05 06:28:08'),
(16, 'มัด', 1, '2019-02-15 03:23:16', '2019-02-15 03:23:16');

-- --------------------------------------------------------

--
-- Table structure for table `package_unit`
--

CREATE TABLE `package_unit` (
  `package_id` int(11) NOT NULL,
  `unit_id` int(11) NOT NULL,
  `date_inserted` timestamp NOT NULL DEFAULT CURRENT_TIMESTAMP,
  `date_last_update` timestamp NOT NULL DEFAULT CURRENT_TIMESTAMP ON UPDATE CURRENT_TIMESTAMP,
  `id` int(11) NOT NULL,
  `status` int(11) NOT NULL DEFAULT '1' COMMENT '0=del, 1=online'
) ENGINE=InnoDB DEFAULT CHARSET=utf8 COLLATE=utf8_unicode_ci;

--
-- Dumping data for table `package_unit`
--

INSERT INTO `package_unit` (`package_id`, `unit_id`, `date_inserted`, `date_last_update`, `id`, `status`) VALUES
(13, 11, '2018-12-29 09:17:36', '2018-12-29 09:17:36', 20, 1),
(13, 12, '2019-01-07 09:40:31', '2019-01-07 09:40:31', 21, 1),
(14, 11, '2019-01-08 08:07:18', '2019-01-08 08:07:18', 22, 1),
(14, 12, '2019-01-31 09:43:42', '2019-01-31 09:43:42', 23, 1),
(15, 13, '2019-02-05 06:28:36', '2019-02-05 06:28:36', 24, 1),
(15, 14, '2019-02-06 04:45:04', '2019-02-06 04:45:04', 25, 1),
(16, 11, '2019-02-15 05:45:13', '2019-02-15 05:45:13', 26, 1),
(13, 15, '2019-02-25 08:21:38', '2019-02-25 08:21:38', 27, 1),
(13, 16, '2019-02-28 07:33:26', '2019-02-28 07:33:26', 28, 1),
(14, 15, '2019-03-02 08:25:21', '2019-03-02 08:25:21', 29, 1),
(14, 14, '2019-03-02 09:56:58', '2019-03-02 09:57:07', 30, 0),
(15, 12, '2019-03-07 09:13:41', '2019-03-07 09:13:41', 31, 1);

-- --------------------------------------------------------

--
-- Table structure for table `products`
--

CREATE TABLE `products` (
  `id` int(11) NOT NULL,
  `name` text COLLATE utf8_unicode_ci NOT NULL,
  `factory_id` int(11) NOT NULL,
  `package_unit_id` int(11) NOT NULL,
  `category_id` int(11) NOT NULL,
  `buy_price` decimal(10,0) NOT NULL,
  `sell_price` decimal(10,0) NOT NULL COMMENT 'sale price ของ unit',
  `sell_price_package` decimal(10,0) NOT NULL COMMENT 'sale price ของ package',
  `barcode` text COLLATE utf8_unicode_ci NOT NULL,
  `barcode_of_unit` text COLLATE utf8_unicode_ci NOT NULL,
  `description` text COLLATE utf8_unicode_ci NOT NULL,
  `date_inserted` timestamp NOT NULL DEFAULT CURRENT_TIMESTAMP,
  `date_last_update` timestamp NOT NULL DEFAULT CURRENT_TIMESTAMP ON UPDATE CURRENT_TIMESTAMP,
  `status` int(11) NOT NULL DEFAULT '1' COMMENT '0 = delete 1=online'
) ENGINE=InnoDB DEFAULT CHARSET=utf8 COLLATE=utf8_unicode_ci;

--
-- Dumping data for table `products`
--

INSERT INTO `products` (`id`, `name`, `factory_id`, `package_unit_id`, `category_id`, `buy_price`, `sell_price`, `sell_price_package`, `barcode`, `barcode_of_unit`, `description`, `date_inserted`, `date_last_update`, `status`) VALUES
(201, 'ถ้วย 16oz GPPS ใส', 11, 20, 1, '1732', '93', '1800', '0010010001', '00100100011', '', '2019-01-07 08:58:32', '2019-03-29 06:01:02', 1),
(202, 'ถ้วย 12oz GPPS ใส', 11, 20, 1, '1417', '79', '1490', '0010010002', '00100100021', '', '2019-01-07 08:58:42', '2019-03-27 03:26:27', 1),
(205, 'ถ้วย 16oz(98) PET ใส', 11, 20, 1, '1700', '95', '1850', '0010010003', '00100100031', '', '2019-01-07 09:01:49', '2019-03-27 03:41:40', 1),
(206, 'ถ้วย 16oz(95) PET ใส', 11, 20, 1, '1227', '65', '1280', '0010010004', '00100100041', '', '2019-01-07 09:01:57', '2019-03-27 03:47:56', 1),
(207, 'ถ้วย 18oz(98) PET Double Lock ใส', 11, 20, 1, '1946', '110', '2150', '0010010005', '00100100051', '', '2019-01-07 09:03:44', '2019-03-27 03:42:08', 1),
(208, 'ถ้วย 16 oz มรกต ใส', 11, 20, 1, '1228', '65', '1280', '0010010006', '00100100061', '', '2019-01-07 09:05:10', '2019-03-27 07:20:57', 1),
(209, 'ถ้วย 18 oz มรกต ใส', 11, 20, 1, '1228', '65', '1280', '0010010007', '00100100071', '', '2019-01-07 09:05:16', '2019-03-27 07:21:01', 1),
(210, 'ถ้วย 20 oz มรกต ใส', 11, 20, 1, '1228', '33', '1280', '0010010008', '00100100081', '', '2019-01-07 09:05:21', '2019-03-27 07:21:33', 1),
(211, 'ถ้วย 22 oz มรกต ใส', 11, 20, 1, '1346', '38', '1480', '0010010009', '00100100091', '', '2019-01-07 09:05:24', '2019-03-27 07:21:46', 1),
(212, 'ถ้วย 16 oz มรกต ลาย', 11, 20, 1, '1319', '0', '0', '0010010010', '00100100101', '', '2019-01-07 09:05:50', '2019-03-27 07:20:19', 1),
(213, 'ถ้วย 18 oz มรกต ลาย', 11, 20, 1, '1319', '0', '0', '0010010011', '00100100111', '', '2019-01-07 09:05:55', '2019-03-27 07:20:21', 1),
(214, 'ถ้วย 20 oz มรกต ลาย', 11, 20, 1, '1319', '0', '0', '0010010012', '00100100121', '', '2019-01-07 09:05:58', '2019-03-27 07:20:22', 1),
(215, 'ถ้วย 22 oz มรกต ลาย', 11, 20, 1, '1437', '0', '0', '0010010013', '00100100131', '', '2019-01-07 09:06:01', '2019-03-27 07:20:24', 1),
(216, 'ถ้วย 6 oz เกล็ดแก้ว', 11, 20, 1, '505', '15', '580', '0010010014', '00100100141', '', '2019-01-07 09:08:23', '2019-03-27 03:15:40', 1),
(217, 'ถ้วย 7 oz เกล็ดแก้ว', 11, 20, 1, '535', '16', '620', '0010010015', '00100100151', '', '2019-01-07 09:08:30', '2019-03-27 03:15:51', 1),
(218, 'ถ้วย 9 oz เกล็ดแก้ว', 11, 20, 1, '675', '19', '740', '0010010016', '00100100161', '', '2019-01-07 09:09:37', '2019-03-27 03:16:06', 1),
(219, 'ถ้วย 10 oz เกล็ดแก้ว', 11, 20, 1, '715', '21', '820', '0010010017', '00100100171', '', '2019-01-07 09:09:41', '2019-03-27 03:17:44', 1),
(220, 'ถ้วย 12 oz เกล็ดแก้ว', 11, 20, 1, '765', '23', '900', '0010010018', '00100100181', '', '2019-01-07 09:09:47', '2019-03-27 03:18:01', 1),
(221, 'ถ้วย 6 oz PPN ลอน eici', 11, 20, 1, '437', '14', '520', '0010010019', '00100100191', '', '2019-01-07 09:17:13', '2019-02-05 06:02:10', 1),
(222, 'ถ้วย 7 oz PPN ลอน eici', 11, 20, 1, '455', '14', '520', '0010010020', '00100100201', '', '2019-01-07 09:17:16', '2019-02-05 06:03:24', 1),
(223, 'ถ้วย 10 oz PPN ลอน eici', 11, 20, 1, '0', '0', '0', '0010010021', '00100100211', '', '2019-01-07 09:19:18', '2019-02-05 06:04:43', 0),
(224, 'ถ้วย 10 oz PPN ลอน eici(20)', 11, 20, 1, '241', '15', '260', '0010010022', '00100100221', '', '2019-01-07 09:19:22', '2019-03-27 03:18:49', 1),
(225, 'ถ้วย 12 oz PPN ลอน eici(20)', 11, 20, 1, '250', '15', '270', '0010010023', '00100100231', '', '2019-01-07 09:19:57', '2019-03-27 03:18:43', 1),
(226, 'ถ้วย 12 oz PPN ลอน eici', 11, 20, 1, '0', '0', '0', '0010010024', '00100100241', '', '2019-01-07 09:19:59', '2019-02-05 06:04:50', 0),
(227, 'ถ้วย 16 oz (90) PPN  eici', 11, 20, 1, '600', '40', '750', '0010010025', '00100100251', '', '2019-01-07 09:28:51', '2019-03-27 03:19:45', 1),
(228, 'ถ้วย 18 oz (90) PPN  eici', 11, 20, 1, '619', '40', '750', '0010010026', '00100100261', '', '2019-01-07 09:29:00', '2019-03-27 03:19:55', 1),
(229, 'ถ้วย 20 oz (90) PPN  eici', 11, 20, 1, '637', '40', '750', '0010010027', '00100100271', '', '2019-01-07 09:29:04', '2019-03-27 03:20:16', 1),
(230, 'ถ้วย 22 oz (90) PPN  eici', 11, 20, 1, '664', '40', '750', '0010010028', '00100100281', '', '2019-01-07 09:29:08', '2019-03-27 03:20:45', 1),
(231, 'ถ้วย 22 oz (95) PPN  eici', 11, 20, 1, '644', '40', '750', '0010010029', '00100100291', '', '2019-01-07 09:29:15', '2019-03-27 03:21:31', 1),
(232, 'ถ้วย 32 oz (116) PPN  eici', 11, 20, 1, '0', '0', '0', '0010010030', '00100100301', '', '2019-01-07 09:29:37', '2019-03-27 05:50:13', 1),
(233, 'ถ้วย+ฝา 2 oz K-RESIN ใม่มี่ฝา', 11, 20, 1, '655', '55', '1080', '0010010031', '00100100311', '', '2019-01-07 09:34:37', '2019-03-27 03:57:03', 1),
(234, 'ถ้วย 2 oz K-RESIN', 11, 20, 1, '1091', '35', '1280', '0010010032', '00100100321', '', '2019-01-07 09:35:20', '2019-03-27 03:57:10', 1),
(235, 'ถ้วย 3 oz K-RESIN', 11, 20, 1, '1173', '35', '1350', '0010010033', '00100100331', '', '2019-01-07 09:35:37', '2019-03-27 03:51:15', 1),
(236, 'ถ้วย 4 oz K-RESIN', 11, 20, 1, '1445', '40', '1550', '0010010034', '00100100341', '', '2019-01-07 09:35:41', '2019-03-27 03:51:37', 1),
(237, 'ถ้วย 5 oz K-RESIN', 11, 20, 1, '1555', '45', '1750', '0010010035', '00100100351', '', '2019-01-07 09:35:45', '2019-03-27 03:51:51', 1),
(238, 'ถ้วย 6 oz K-RESIN', 11, 20, 1, '1855', '55', '2150', '0010010036', '00100100361', '', '2019-01-07 09:35:48', '2019-03-27 03:52:19', 1),
(239, 'ถ้วยฝาติด 2 oz K-RESIN', 11, 20, 1, '1091', '35', '1280', '0010010037', '00100100371', '', '2019-01-07 09:37:06', '2019-03-27 03:52:34', 1),
(240, 'ถ้วยฝาติด 3 oz K-RESIN', 11, 20, 1, '1719', '45', '1750', '0010010038', '00100100381', '', '2019-01-07 09:37:14', '2019-03-27 03:56:19', 1),
(241, 'ถ้วย+ฝา 3 oz K-RESIN', 11, 20, 1, '1512', '45', '1720', '0010010039', '00100100391', '', '2019-01-07 09:37:54', '2019-03-27 03:54:01', 1),
(242, 'ถ้วย 100g GPPS ใส', 11, 20, 1, '1295', '70', '1360', '0010010040', '00100100401', '', '2019-01-07 09:39:24', '2019-03-27 03:56:28', 1),
(243, 'ถ้วย 150g GPPS ใส', 11, 20, 1, '1438', '80', '1560', '0010010041', '00100100411', '', '2019-01-07 09:39:31', '2019-03-27 03:56:36', 1),
(244, 'ถ้วย 200g GPPS ใส', 11, 20, 1, '1581', '85', '1660', '0010010042', '00100100421', '', '2019-01-07 09:39:35', '2019-03-27 03:56:44', 1),
(245, 'หลอดงอ แฟนซี PP (824)', 11, 21, 3, '658', '35', '680', '0010030001', '00100300011', '', '2019-01-07 09:43:20', '2019-03-27 06:20:27', 1),
(246, 'หลอดงอ น้ำตาล PP (824)', 11, 21, 3, '658', '35', '680', '0010030002', '00100300021', '', '2019-01-07 09:43:59', '2019-03-27 06:20:28', 1),
(247, 'หลอดงอ เขียว PP (824)', 11, 21, 3, '658', '35', '680', '0010030003', '00100300031', '', '2019-01-07 09:44:18', '2019-03-27 06:20:28', 1),
(248, 'หลอดงอ ดำ PP (824)', 11, 21, 3, '658', '35', '680', '0010030004', '00100300041', '', '2019-01-07 09:44:33', '2019-03-27 06:20:30', 1),
(249, 'หลอดงอ ขาว PP (824)', 11, 21, 3, '658', '35', '680', '0010030005', '00100300051', '', '2019-01-07 09:44:46', '2019-03-27 06:20:31', 1),
(250, 'หลอดงอ แฟนซี PP (622)', 11, 21, 3, '575', '15', '600', '0010030006', '00100300061', '', '2019-01-07 09:45:10', '2019-03-27 06:18:49', 1),
(251, 'หลอดงอ น้ำตาล PP (622)', 11, 21, 3, '575', '15', '600', '0010030007', '00100300071', '', '2019-01-07 09:45:26', '2019-03-27 06:18:50', 1),
(252, 'หลอดงอ เขียว PP (622)', 11, 21, 3, '575', '15', '600', '0010030008', '00100300081', '', '2019-01-07 09:45:35', '2019-03-27 06:18:51', 1),
(253, 'หลอดงอ ขาว PP (622)', 11, 21, 3, '575', '15', '600', '0010030009', '00100300091', '', '2019-01-07 09:45:42', '2019-03-27 06:18:52', 1),
(254, 'ฝาโดม 75mm ไม่เจาะรู', 11, 21, 4, '679', '25', '960', '0010040001', '00100400011', '', '2019-01-07 09:58:18', '2019-03-27 06:21:49', 1),
(255, 'ฝาโดม 85mm ไม่เจาะรู', 11, 21, 4, '679', '25', '960', '0010040002', '00100400021', '', '2019-01-07 09:58:50', '2019-03-27 06:22:02', 1),
(256, 'ฝาโดม 85mm เจาะรู', 11, 21, 4, '679', '25', '960', '0010040003', '00100400031', '', '2019-01-07 09:59:00', '2019-03-27 06:29:36', 1),
(257, 'ฝาเรียบ 85mm ไม่เจาะรู', 11, 21, 4, '493', '20', '760', '0010040004', '00100400041', '', '2019-01-07 10:00:08', '2019-03-27 06:30:35', 1),
(258, 'ฝาเรียบ 75mm ไม่เจาะรู', 11, 21, 4, '486', '20', '760', '0010040005', '00100400051', '', '2019-01-07 10:01:24', '2019-03-27 06:30:20', 1),
(259, 'ฝาโดม 90mm เจาะรู', 11, 21, 4, '757', '25', '960', '0010040006', '00100400061', '', '2019-01-07 10:02:18', '2019-03-27 06:29:14', 1),
(260, 'ฝาโดม 95mm เจาะรู', 11, 21, 4, '757', '25', '960', '0010040007', '00100400071', '', '2019-01-07 10:02:23', '2019-03-27 06:29:27', 1),
(261, 'ฝาโดม 95mm ไม่เจาะรู', 11, 21, 4, '757', '25', '960', '0010040008', '00100400081', '', '2019-01-07 10:03:06', '2019-03-27 06:29:29', 1),
(262, 'ฝาเรียบ 95mm ไม่เจาะรู', 11, 21, 4, '493', '20', '760', '0010040009', '00100400091', '', '2019-01-07 10:03:48', '2019-03-27 06:31:03', 1),
(263, 'ฝาเรียบ 90mm เจาะรูกากบาทสีน้ำตาล', 11, 21, 4, '458', '18', '720', '0010040010', '00100400101', '', '2019-01-07 10:06:14', '2019-03-27 06:25:06', 1),
(264, 'ฝาเรียบ 90mm เจาะรูกากบาทสีขาว', 11, 21, 4, '458', '18', '720', '0010040011', '00100400111', '', '2019-01-07 10:06:28', '2019-03-27 06:25:07', 1),
(265, 'ฝาเรียบ 90mm เจาะรูกากบาทเขียว', 11, 21, 4, '458', '18', '720', '0010040012', '00100400121', '', '2019-01-07 10:06:40', '2019-03-27 06:25:08', 1),
(266, 'ฝาเรียบ 90mm เจาะรูกากบาทเหลือง', 11, 21, 4, '458', '18', '720', '0010040013', '00100400131', '', '2019-01-07 10:06:52', '2019-03-27 06:25:09', 1),
(267, 'ฝาโดม 98mm เจาะรู', 11, 21, 4, '857', '35', '1350', '0010040014', '00100400141', '', '2019-01-07 10:15:32', '2019-03-27 06:27:26', 1),
(268, 'ชาม Dia 145 mm. PP ขาว Pro', 11, 21, 6, '0', '0', '0', '0010060001', '00100600011', '', '2019-01-07 10:17:17', '2019-01-07 10:17:17', 1),
(269, 'ชาม Dia 180 mm. PP ขาว', 11, 21, 6, '0', '0', '0', '0010060002', '00100600021', '', '2019-01-07 10:17:37', '2019-01-07 10:17:37', 1),
(270, 'ชาม Dia 180 mm. PP ดำ', 11, 21, 6, '0', '0', '0', '0010060003', '00100600031', '', '2019-01-07 10:17:55', '2019-01-07 10:17:55', 1),
(271, 'ถ้วย 7oz GPPS ใส Ice cream', 11, 20, 1, '1086', '65', '1250', '0010010043', '00100100431', '', '2019-01-07 10:19:35', '2019-03-27 03:57:27', 1),
(272, 'ถ้วย 12oz GPPS ใส Ice cream', 11, 20, 1, '1295', '90', '1750', '0010010044', '00100100441', '', '2019-01-07 10:19:38', '2019-03-27 03:57:35', 1),
(273, 'ถ้วย กระดาษ 6.5 oz ขาว', 11, 20, 1, '1137', '35', '1360', '0010010045', '00100100451', '', '2019-01-07 10:20:40', '2019-03-27 05:31:52', 1),
(274, 'ฝาเรียบ 90mm เจาะรูกากบาทชมพู', 11, 21, 4, '458', '18', '720', '0010040015', '00100400151', '', '2019-01-07 10:22:36', '2019-03-27 06:24:49', 1),
(275, 'ฝาเรียบ 98.7mm เจาะรู', 11, 21, 4, '322', '25', '480', '0010040016', '00100400161', '', '2019-01-07 10:23:39', '2019-03-27 06:25:58', 1),
(276, 'ฝาโดม 116mm เจาะรูกากบาท', 11, 21, 4, '857', '0', '0', '0010040017', '00100400171', '', '2019-01-07 10:25:29', '2019-03-27 06:27:01', 1),
(277, 'ฝาโดม 116mm เจาะรู', 11, 21, 4, '857', '0', '0', '0010040018', '00100400181', '', '2019-01-07 10:25:33', '2019-03-27 06:27:05', 1),
(278, 'ฝา 60mm PET ไม่เจาะรู', 11, 21, 4, '0', '0', '0', '0010040019', '00100400191', '', '2019-01-07 10:27:53', '2019-01-07 10:27:53', 1),
(279, 'กล่องเบเกอรี่ EPP 00 Pet TT', 11, 21, 2, '0', '0', '0', '0010020001', '00100200011', '', '2019-01-08 06:07:49', '2019-04-01 05:03:55', 0),
(280, 'กล่องเบเกอรี่ EPP 01 Pet TT', 11, 21, 2, '0', '0', '0', '0010020002', '00100200021', '', '2019-01-08 06:08:00', '2019-04-01 05:03:50', 0),
(281, 'กล่องเบเกอรี่ EPP 02 Pet TT', 11, 21, 2, '0', '0', '0', '0010020003', '00100200031', '', '2019-01-08 06:08:05', '2019-01-08 06:09:01', 0),
(282, 'กล่องเบเกอรี่ EPP 05 Pet TT', 11, 21, 2, '0', '0', '0', '0010020004', '00100200041', '', '2019-01-08 06:08:18', '2019-04-01 05:03:57', 0),
(283, 'กล่องเบเกอรี่ EPP 17 Pet TT', 11, 21, 2, '0', '0', '0', '0010020005', '00100200051', '', '2019-01-08 06:08:25', '2019-04-01 05:03:58', 0),
(284, 'กล่องเบเกอรี่ EPP 26 Pet TT', 11, 21, 2, '0', '0', '0', '0010020006', '00100200061', '', '2019-01-08 06:08:29', '2019-04-01 05:04:00', 0),
(285, 'กล่องเบเกอรี่ EPP 61 Pet TT', 11, 21, 2, '0', '0', '0', '0010020007', '00100200071', '', '2019-01-08 06:08:45', '2019-04-01 05:04:02', 0),
(286, 'กล่องเบเกอรี่ EPP R2 Pet TT', 11, 21, 2, '1717', '80', '1872', '0010020008', '00100200081', '', '2019-01-08 06:12:09', '2019-04-01 05:04:09', 1),
(287, 'กล่องเบเกอรี่ EPP R3 Pet TT', 11, 21, 2, '1117', '75', '1460', '0010020009', '00100200091', '', '2019-01-08 06:12:15', '2019-03-27 05:51:18', 1),
(288, 'กล่องเบเกอรี่ EPP R4 Pet TT', 11, 21, 2, '1167', '120', '1416', '0010020010', '00100200101', '', '2019-01-08 06:12:20', '2019-03-27 05:51:34', 1),
(289, 'กล่องเบเกอรี่ EPP R5 Pet TT', 11, 21, 2, '1584', '150', '1776', '0010020011', '00100200111', '', '2019-01-08 06:12:24', '2019-03-27 05:51:55', 1),
(290, 'กล่องเบเกอรี่ EPP E51 Pet+ฝา(700)', 11, 21, 2, '1225', '110', '1510', '0010020012', '00100200121', '', '2019-01-08 06:13:08', '2019-03-28 08:27:58', 1),
(291, 'กล่องแซนวิช Pet TT (800)', 11, 21, 2, '767', '110', '864', '0010020013', '00100200131', '', '2019-01-08 06:14:22', '2019-03-27 05:52:18', 1),
(292, 'กล่องเบเกอรี่ EPP 00S Pet TT', 11, 21, 2, '0', '0', '0', '0010020014', '00100200141', '', '2019-01-08 06:15:12', '2019-01-08 06:15:12', 1),
(293, 'กล่องเบเกอรี่ EPP 02S Pet TT', 11, 21, 2, '0', '0', '0', '0010020015', '00100200151', '', '2019-01-08 06:15:17', '2019-01-08 06:15:17', 1),
(294, 'กล่องเบเกอรี่ EPP B3 Pet TT', 11, 21, 2, '0', '0', '0', '0010020016', '00100200161', '', '2019-01-08 06:15:37', '2019-01-08 06:15:37', 1),
(295, 'กล่องใสอีพีพีเบอร์ D680 Pro', 11, 21, 2, '1746', '155', '1836', '0010020017', '00100200171', '', '2019-01-08 06:17:03', '2019-03-28 08:39:44', 1),
(296, 'กล่องใสอีพีพีเบอร์ 680 Pro', 11, 21, 2, '0', '0', '0', '0010020018', '00100200181', '', '2019-01-08 06:18:18', '2019-03-28 08:26:56', 0),
(297, 'กล่องใส่ผลไม้ 500g', 11, 21, 2, '833', '280', '1100', '0010020019', '00100200191', '', '2019-01-08 06:19:03', '2019-03-28 09:29:03', 1),
(298, 'กล่องใส่ผลไม้ 250g', 11, 21, 2, '0', '0', '0', '0010020020', '00100200201', '', '2019-01-08 06:19:09', '2019-01-08 06:19:09', 1),
(299, 'หลอดงอปลายช้อน', 11, 21, 3, '895', '22', '1000', '0010030010', '00100300101', '', '2019-01-08 06:30:26', '2019-03-28 09:30:44', 1),
(300, 'กล่องอาหาร 1 ช่อง 500g + ฝาปิด', 11, 21, 7, '1119', '65', '1250', '0010070001', '00100700011', '', '2019-01-08 08:04:35', '2019-03-27 05:02:28', 1),
(301, 'กล่องอาหาร 1 ช่อง 750g + ฝาปิด', 11, 21, 7, '1228', '75', '1450', '0010070002', '00100700021', '', '2019-01-08 08:04:50', '2019-03-27 05:02:39', 1),
(302, 'กล่องอาหาร 1 ช่อง 1000g + ฝาปิด', 11, 21, 7, '1364', '85', '1600', '0010070003', '00100700031', '', '2019-01-08 08:04:57', '2019-03-27 05:02:55', 1),
(303, 'กล่องอาหาร 2 ช่อง 500g + ฝาปิด', 11, 21, 7, '1164', '68', '1320', '0010070004', '00100700041', '', '2019-01-08 08:05:09', '2019-03-27 05:03:06', 1),
(304, 'กล่องอาหาร 2 ช่อง 750g + ฝาปิด', 11, 21, 7, '1273', '78', '1500', '0010070005', '00100700051', '', '2019-01-08 08:05:13', '2019-03-27 05:03:17', 1),
(305, 'JT-912 Star', 12, 22, 9, '205', '48', '330', '0020090001', '00200900011', '', '2019-01-08 08:07:57', '2019-03-30 04:59:35', 1),
(306, 'JT-99 Star', 12, 22, 9, '273', '48', '330', '0020090002', '00200900021', '', '2019-01-08 08:08:21', '2019-03-30 05:03:20', 1),
(307, 'JT-912 Premium', 12, 22, 9, '308', '50', '328', '0020090003', '00200900031', '', '2019-01-08 08:09:55', '2019-03-30 05:03:37', 1),
(308, 'JT-99 Premium', 12, 22, 9, '308', '50', '328', '0020090004', '00200900041', '', '2019-01-08 08:10:59', '2019-03-30 05:03:44', 1),
(309, 'JT-52', 12, 22, 9, '345', '38', '370', '0020090005', '00200900051', '', '2019-01-08 08:12:09', '2019-03-30 05:03:57', 1),
(310, 'JT-56', 12, 22, 9, '285', '34', '330', '0020090006', '00200900061', '', '2019-01-08 08:12:16', '2019-03-30 05:04:08', 1),
(311, 'JT-57', 12, 22, 9, '325', '36', '350', '0020090007', '00200900071', '', '2019-01-08 08:12:21', '2019-03-30 05:04:18', 1),
(312, 'กล่องอาหารฝาปิดในตัว 500g  1 ช่อง', 11, 21, 7, '455', '60', '580', '0010070006', '00100700061', '', '2019-01-08 08:12:23', '2019-03-27 05:03:41', 1),
(313, 'กล่องอาหารฝาปิดในตัว 750g  1 ช่อง', 11, 21, 7, '546', '70', '680', '0010070007', '00100700071', '', '2019-01-08 08:12:28', '2019-03-27 05:04:06', 1),
(314, 'กล่องอาหารฝาปิดในตัว 650g  1 ช่อง', 11, 21, 7, '509', '65', '630', '0010070008', '00100700081', '', '2019-01-08 08:12:39', '2019-03-27 05:04:22', 1),
(315, 'JT-54', 12, 22, 9, '495', '58', '570', '0020090008', '00200900081', '', '2019-01-08 08:12:41', '2019-03-30 05:04:25', 1),
(316, 'กล่องอาหารฝาปิดในตัว 650g  2 ช่อง', 11, 21, 7, '509', '65', '630', '0010070009', '00100700091', '', '2019-01-08 08:12:45', '2019-03-27 05:04:42', 1),
(317, 'JT-45', 12, 22, 9, '455', '52', '500', '0020090009', '00200900091', '', '2019-01-08 08:12:48', '2019-03-30 05:04:43', 1),
(318, 'กล่องอาหารฝาปิดในตัว 750g 2 ช่อง', 11, 21, 7, '546', '75', '730', '0010070010', '00100700101', '', '2019-01-08 08:12:51', '2019-03-27 05:04:50', 1),
(319, 'JT-22 (20p)', 12, 22, 9, '258', '30', '290', '0020090010', '00200900101', '', '2019-01-08 08:13:07', '2019-03-30 05:19:56', 1),
(320, 'JT-102 ', 12, 22, 9, '435', '48', '470', '0020090011', '00200900111', '', '2019-01-08 08:14:08', '2019-03-30 05:20:05', 1),
(321, 'JT-231', 12, 22, 9, '515', '55', '540', '0020090012', '00200900121', '', '2019-01-08 08:14:26', '2019-03-30 05:20:13', 1),
(322, 'JT-107', 12, 22, 9, '695', '38', '740', '0020090013', '00200900131', '', '2019-01-08 08:14:38', '2019-03-30 05:22:45', 1),
(323, 'JT-207', 12, 22, 9, '695', '38', '740', '0020090014', '00200900141', '', '2019-01-08 08:14:57', '2019-03-30 05:22:42', 1),
(324, 'JT-200 ส้ม', 12, 22, 9, '575', '65', '630', '0020090015', '00200900151', '', '2019-01-08 08:15:16', '2019-03-30 05:26:22', 1),
(325, 'JT-200 ม่วง', 12, 22, 9, '635', '70', '680', '0020090016', '00200900161', '', '2019-01-08 08:15:23', '2019-03-30 05:47:33', 1),
(326, 'JT-208', 12, 22, 9, '515', '58', '560', '0020090017', '00200900171', '', '2019-01-08 08:15:35', '2019-03-30 05:26:37', 1),
(327, 'JT-303', 12, 22, 9, '415', '46', '450', '0020090018', '00200900181', '', '2019-01-08 08:15:46', '2019-03-30 05:26:51', 1),
(328, 'JT-304', 12, 22, 9, '725', '28', '270', '0020090019', '00200900191', '', '2019-01-08 08:15:56', '2019-03-30 05:46:59', 1),
(329, 'JT-108', 12, 22, 9, '365', '40', '390', '0020090020', '00200900201', '', '2019-01-08 08:16:06', '2019-03-30 05:27:21', 1),
(330, 'JT-916', 12, 22, 9, '365', '40', '390', '0020090021', '00200900211', '', '2019-01-08 08:16:12', '2019-03-30 05:27:45', 1),
(331, 'JT-101', 12, 22, 9, '715', '38', '740', '0020090022', '00200900221', '', '2019-01-08 08:16:19', '2019-03-30 05:27:54', 1),
(332, 'JT-501 แดง', 12, 22, 9, '485', '110', '550', '0020090023', '00200900231', '', '2019-01-08 08:16:52', '2019-03-26 09:13:02', 1),
(333, 'JT-501 ฟ้า', 12, 22, 9, '535', '120', '600', '0020090024', '00200900241', '', '2019-01-08 08:17:03', '2019-03-26 09:12:14', 1),
(334, 'JT-502 แดง', 12, 22, 9, '535', '120', '600', '0020090025', '00200900251', '', '2019-01-08 08:17:20', '2019-03-26 09:11:27', 1),
(335, 'JT-5', 12, 22, 9, '329', '55', '370', '0020090026', '00200900261', '', '2019-01-08 08:17:36', '2019-03-30 05:28:09', 1),
(336, 'JT-105', 12, 22, 9, '575', '33', '630', '0020090027', '00200900271', '', '2019-01-08 08:17:42', '2019-03-30 05:28:19', 1),
(337, 'JT-301', 12, 22, 9, '455', '49', '480', '0020090028', '00200900281', '', '2019-01-08 08:17:50', '2019-03-30 05:28:30', 1),
(338, 'โอวันติน', 20, 21, 21, '1560', '135', '1600', '0100210001', '01002100011', '', '2019-01-08 08:21:47', '2019-02-25 05:35:06', 1),
(339, 'ถ้วย 22 oz (90) PPN  eici ลาย', 11, 21, 1, '755', '45', '850', '0010010046', '00100100461', '', '2019-01-31 06:45:02', '2019-03-27 03:24:17', 1),
(340, 'ถ้วย 11 oz เกล็ดแก้ว', 11, 21, 1, '725', '22', '860', '0010010047', '00100100471', '', '2019-01-31 06:46:53', '2019-03-27 03:37:51', 1),
(341, 'ถ้วย 22oz GPPS ใส', 11, 21, 1, '1905', '105', '2000', '0010010048', '00100100481', '', '2019-01-31 09:12:19', '2019-03-27 03:36:49', 1),
(342, 'ถ้วย 20oz(95) PET ใส', 11, 21, 1, '1227', '70', '1400', '0010010049', '00100100491', '', '2019-01-31 09:15:46', '2019-03-27 03:49:24', 1),
(343, 'ถ้วย 22oz(95) PET ใส', 11, 21, 1, '1437', '80', '1580', '0010010050', '00100100501', '', '2019-01-31 09:15:50', '2019-03-27 03:49:45', 1),
(344, 'ถ้วยนึ่ง', 11, 21, 1, '1228', '48', '1400', '0010010051', '00100100511', '', '2019-01-31 09:21:51', '2019-03-27 05:01:36', 1),
(345, 'ถ้วย กระดาษ 16 oz', 11, 21, 1, '0', '0', '0', '0010010052', '00100100521', '', '2019-01-31 09:40:52', '2019-04-01 04:35:08', 0),
(346, 'ถ้วย กระดาษ 22 oz', 11, 21, 1, '0', '0', '0', '0010010053', '00100100531', '', '2019-01-31 09:41:12', '2019-04-01 04:35:10', 0),
(347, 'ช้อนสั้นใส', 11, 23, 8, '1320', '360', '1420', '0010080001', '00100800011', '', '2019-01-31 09:44:45', '2019-03-27 05:33:51', 1),
(348, 'ช้อนสั้นขุ่น', 11, 23, 8, '1320', '360', '1420', '0010080002', '00100800021', '', '2019-01-31 09:45:10', '2019-03-27 05:33:55', 1),
(349, 'ตะเกียบ eici', 11, 21, 18, '889', '16', '960', '0010180001', '00101800011', '', '2019-01-31 09:46:11', '2019-03-27 05:36:31', 1),
(350, 'เกี๋ยวกุ้ง + ฝา', 11, 21, 7, '875', '180', '1080', '0010070011', '00100700111', '', '2019-01-31 09:48:59', '2019-03-28 09:42:44', 1),
(351, 'ฝาเรียบ  60 MM', 11, 21, 4, '0', '0', '0', '0010040020', '00100400201', '', '2019-01-31 09:56:05', '2019-03-28 09:31:06', 1),
(352, 'ถุงขยะดำ 30x40 ไม่มีตรา(B.B.)', 12, 24, 42, '973', '1027', '1027', '0020370001', '00203700011', '', '2019-02-05 06:29:21', '2019-03-26 07:18:50', 1),
(353, 'ถุงขยะดำ 36x45 ไม่มีตรา(B.B.)', 12, 24, 42, '973', '1027', '1027', '0020370002', '00203700021', '', '2019-02-05 06:29:31', '2019-03-26 07:19:23', 1),
(354, 'ถุงขยะดำ 18x20  ตรากรีนโซน', 12, 24, 42, '973', '38', '1110', '0020370003', '00203700031', '', '2019-02-05 06:30:11', '2019-03-26 07:20:03', 1),
(355, 'ถุงขยะดำ 24x28  ตรากรีนโซน', 12, 24, 42, '973', '38', '1110', '0020370004', '00203700041', '', '2019-02-05 06:30:29', '2019-03-26 07:20:26', 1),
(356, 'ถุงขยะดำ 28x36  ตรากรีนโซน', 12, 24, 42, '973', '38', '1110', '0020370005', '00203700051', '', '2019-02-05 06:30:36', '2019-03-26 07:20:40', 1),
(357, 'ถุงขยะดำ 22x30  ตรากรีนโซน', 12, 24, 42, '973', '38', '1110', '0020370006', '00203700061', '', '2019-02-05 06:30:44', '2019-03-26 07:20:51', 1),
(358, 'ถุงขยะดำ 30x40  ตรากรีนโซน', 12, 24, 42, '973', '38', '1110', '0020370007', '00203700071', '', '2019-02-05 06:30:53', '2019-03-26 07:21:03', 1),
(359, 'ถุงขยะดำ 36x45  ตรากรีนโซน', 12, 24, 42, '973', '38', '1110', '0020370008', '00203700081', '', '2019-02-05 06:31:03', '2019-03-26 07:21:15', 1),
(360, 'ถุงHD 24x36 ไม่พับข้าง ', 12, 24, 43, '1730', '75', '2250', '0020380001', '00203800011', '', '2019-02-05 06:35:53', '2019-03-26 07:25:44', 1),
(361, 'ถุงHD 20x30 ไม่พับข้าง ', 12, 24, 43, '1730', '75', '2250', '0020380002', '00203800021', '', '2019-02-05 06:36:07', '2019-03-26 07:26:01', 1),
(362, 'ถุงHD 26x40 ไม่พับข้าง ', 12, 24, 43, '1730', '75', '2250', '0020380003', '00203800031', '', '2019-02-05 06:36:16', '2019-03-26 07:30:14', 1),
(363, 'ถุงHD 25x46 ไม่พับข้าง ', 12, 24, 43, '1730', '75', '2250', '0020380004', '00203800041', '', '2019-02-05 06:36:32', '2019-03-26 07:30:22', 1),
(364, 'ถุงHD 18x28 ไม่พับข้าง ', 12, 24, 43, '1730', '75', '2250', '0020380005', '00203800051', '', '2019-02-05 06:36:41', '2019-03-26 07:30:31', 1),
(365, 'ถุงHD 16x26 ไม่พับข้าง ', 12, 24, 43, '1730', '75', '2250', '0020380006', '00203800061', '', '2019-02-05 06:36:48', '2019-03-26 07:30:39', 1),
(366, 'ถุงHD 14x22 ไม่พับข้าง ', 12, 24, 43, '1730', '75', '2250', '0020380007', '00203800071', '', '2019-02-05 06:36:55', '2019-03-26 07:30:47', 1),
(367, 'ถุงHD 26x39', 12, 24, 43, '1730', '75', '2250', '0020380008', '00203800081', '', '2019-02-05 06:37:17', '2019-03-26 07:30:55', 1),
(397, 'ถุงแก้ว OPPS 9x14 (30กก)', 12, 24, 17, '2465', '100', '2850', '0020170001', '00201700011', '', '2019-02-06 03:04:45', '2019-03-26 07:36:13', 1),
(398, 'ถุงแก้ว OPPS 10x15 (30กก)', 12, 24, 17, '2465', '100', '2850', '0020170002', '00201700021', '', '2019-02-06 03:04:51', '2019-03-26 07:54:17', 1),
(399, 'ถุงแก้ว OPPS 3x5 (30กก)', 12, 24, 17, '2465', '105', '3150', '0020170003', '00201700031', '', '2019-02-06 03:04:59', '2019-03-26 07:50:54', 1),
(400, 'ถุงแก้ว OPPS 2x8 (30กก)', 12, 24, 17, '2675', '135', '4050', '0020170004', '00201700041', '', '2019-02-06 03:05:04', '2019-03-26 07:49:10', 1),
(401, 'ถุงแก้ว OPPS 2.5x5 (30กก)', 12, 24, 17, '2675', '135', '4050', '0020170005', '00201700051', '', '2019-02-06 03:06:19', '2019-03-26 07:49:53', 1),
(402, 'ถุงแก้ว OPPS 2.5x8 (30กก)', 12, 24, 17, '2675', '135', '4050', '0020170006', '00201700061', '', '2019-02-06 03:06:34', '2019-03-26 07:49:22', 1),
(403, 'ถุงแก้ว OPPS 3x7 (30กก)', 12, 24, 17, '2465', '105', '3150', '0020170007', '00201700071', '', '2019-02-06 03:06:39', '2019-03-26 07:50:50', 1),
(404, 'ถุงแก้ว OPPS 3.5x10 (30กก)', 12, 24, 17, '2465', '105', '3150', '0020170008', '00201700081', '', '2019-02-06 03:06:45', '2019-03-26 07:50:59', 1),
(405, 'ถุงแก้ว OPPS 4x5 (30กก)', 12, 24, 17, '2465', '100', '2850', '0020170009', '00201700091', '', '2019-02-06 03:06:53', '2019-03-26 07:54:20', 1),
(406, 'ถุงแก้ว OPPS 4x6 (30กก)', 12, 24, 17, '2465', '100', '2850', '0020170010', '00201700101', '', '2019-02-06 03:06:58', '2019-03-26 07:54:20', 1),
(407, 'ถุงแก้ว OPPS 4x7 (30กก)', 12, 24, 17, '2465', '100', '2850', '0020170011', '00201700111', '', '2019-02-06 03:07:04', '2019-03-26 07:54:21', 1),
(408, 'ถุงแก้ว OPPS 4x8 (30กก)', 12, 24, 17, '2465', '100', '2850', '0020170012', '00201700121', '', '2019-02-06 03:07:08', '2019-03-26 07:54:22', 1),
(409, 'ถุงแก้ว OPPS  4.5x7 (30กก)', 12, 24, 17, '2465', '100', '2850', '0020170013', '00201700131', '', '2019-02-06 03:07:15', '2019-03-26 07:54:23', 1),
(410, 'ถุงแก้ว OPPS  4.5x10 (30กก)', 12, 24, 17, '2465', '100', '2850', '0020170014', '00201700141', '', '2019-02-06 03:07:21', '2019-03-26 07:54:24', 1),
(411, 'ถุงแก้ว OPPS 5x7 (30กก)', 12, 24, 17, '2465', '100', '2850', '0020170015', '00201700151', '', '2019-02-06 03:07:52', '2019-03-26 07:54:24', 1),
(412, 'ถุงแก้ว OPPS 5x8 (30กก)', 12, 24, 17, '2465', '100', '2850', '0020170016', '00201700161', '', '2019-02-06 03:07:56', '2019-03-26 07:54:25', 1),
(413, 'ถุงแก้ว OPPS 5x9 (30กก)', 12, 24, 17, '2465', '100', '2850', '0020170017', '00201700171', '', '2019-02-06 03:08:01', '2019-03-26 07:54:27', 1),
(414, 'ถุงแก้ว OPPS 5x10 (30กก)', 12, 24, 17, '2465', '100', '2850', '0020170018', '00201700181', '', '2019-02-06 03:08:08', '2019-03-26 07:54:26', 1),
(415, 'ถุงแก้ว OPPS 5x12 (30กก)', 12, 24, 17, '2465', '100', '2850', '0020170019', '00201700191', '', '2019-02-06 03:08:12', '2019-03-26 07:54:27', 1),
(416, 'ถุงแก้ว OPPS 6x8 (30กก)', 12, 24, 17, '2465', '100', '2850', '0020170020', '00201700201', '', '2019-02-06 03:08:18', '2019-03-26 07:54:28', 1),
(417, 'ถุงแก้ว OPPS 6x9 (30กก)', 12, 24, 17, '2465', '100', '2850', '0020170021', '00201700211', '', '2019-02-06 03:08:26', '2019-03-26 07:54:28', 1),
(418, 'ถุงแก้ว OPPS 6x10 (30กก)', 12, 24, 17, '2465', '100', '2850', '0020170022', '00201700221', '', '2019-02-06 03:08:30', '2019-03-26 07:54:29', 1),
(419, 'ถุงแก้ว OPPS 6x12 (30กก)', 12, 24, 17, '2465', '100', '2850', '0020170023', '00201700231', '', '2019-02-06 03:08:35', '2019-03-26 07:54:30', 1),
(420, 'ถุงแก้ว OPPS 7x11 (30กก)', 12, 24, 17, '2465', '100', '2850', '0020170024', '00201700241', '', '2019-02-06 03:08:41', '2019-03-26 07:54:30', 1),
(421, 'ถุงแก้ว OPPS 7x12 (30กก)', 12, 24, 17, '2465', '100', '2850', '0020170025', '00201700251', '', '2019-02-06 03:08:46', '2019-03-26 07:54:31', 1),
(422, 'ถุงแก้ว OPPS 7x14 (30กก)', 12, 24, 17, '2465', '100', '2850', '0020170026', '00201700261', '', '2019-02-06 03:08:51', '2019-03-26 07:54:32', 1),
(423, 'ถุงแก้ว OPPS 8x12 (30กก)', 12, 24, 17, '2465', '100', '2850', '0020170027', '00201700271', '', '2019-02-06 03:08:56', '2019-03-26 07:54:33', 1),
(424, 'ถุงแก้ว OPPS 9x12 (30กก)', 12, 24, 17, '2465', '100', '2850', '0020170028', '00201700281', '', '2019-02-06 03:09:00', '2019-03-26 07:54:37', 1),
(425, 'ถุงแก้ว OPPS 11x16 (30กก)', 12, 24, 17, '2465', '100', '2850', '0020170029', '00201700291', '', '2019-02-06 03:09:05', '2019-03-26 07:54:37', 1),
(426, 'ถุงแก้ว OPPS 11x18 (30กก)', 12, 24, 17, '2465', '100', '2850', '0020170030', '00201700301', '', '2019-02-06 03:09:09', '2019-03-26 07:54:38', 1),
(427, 'ถุงแก้ว OPPS 13x24 (30กก)', 12, 24, 17, '2465', '100', '2850', '0020170031', '00201700311', '', '2019-02-06 03:09:14', '2019-03-26 07:54:39', 1),
(428, 'ถุงแก้ว OPPS 14x22 (30กก)', 12, 24, 17, '2465', '100', '2850', '0020170032', '00201700321', '', '2019-02-06 03:09:18', '2019-03-26 07:54:39', 1),
(429, 'ถุงแก้ว OPPS 18x20 (30กก)', 12, 24, 17, '2465', '100', '2850', '0020170033', '00201700331', '', '2019-02-06 03:09:24', '2019-03-26 07:54:40', 1),
(430, 'ถุงแก้ว OPPS 20x24 (30กก)', 12, 24, 17, '2465', '100', '2850', '0020170034', '00201700341', '', '2019-02-06 03:09:29', '2019-03-26 07:54:42', 1),
(431, 'ถุงแก้ว OPPS 4.5x1(30กก)', 12, 24, 17, '2465', '100', '2850', '0020170035', '00201700351', '', '2019-02-06 03:09:38', '2019-03-26 07:54:41', 0),
(432, 'ถุงแก้ว OPPS 4.5x16(30กก)', 12, 24, 17, '2465', '100', '2850', '0020170036', '00201700361', '', '2019-02-06 03:09:58', '2019-03-26 07:54:43', 1),
(433, 'ถุงแก้ว OPPS 14x20 (30กก)', 12, 24, 17, '2465', '100', '2850', '0020170037', '00201700371', '', '2019-02-06 03:10:25', '2019-03-26 07:54:43', 1),
(434, 'ถุงแก้ว OPPS 10x12 (30กก)', 12, 24, 17, '2465', '100', '2850', '0020170038', '00201700381', '', '2019-02-06 03:10:30', '2019-03-26 07:54:44', 1),
(435, 'ถุงแก้ว OPPS 10x14 (30กก)', 12, 24, 17, '2465', '100', '2850', '0020170039', '00201700391', '', '2019-02-06 03:10:38', '2019-03-26 07:54:45', 1),
(436, 'ถุงแก้ว OPPS 9x16 (30กก)', 12, 24, 17, '2465', '100', '2850', '0020170040', '00201700401', '', '2019-02-06 03:10:43', '2019-03-26 07:54:45', 1),
(437, 'ถุงแก้ว OPPS 12x20 (30กก)', 12, 24, 17, '2465', '100', '2850', '0020170041', '00201700411', '', '2019-02-06 03:10:47', '2019-03-26 07:54:46', 1),
(438, 'ถุงแก้ว OPPS  3.5x5 (30กก)', 12, 24, 17, '2465', '100', '2850', '0020170042', '00201700421', '', '2019-02-06 03:10:55', '2019-03-26 07:54:47', 1),
(439, 'ถุงแก้ว OPPS  8x11 (30กก)', 12, 24, 17, '2465', '100', '2850', '0020170043', '00201700431', '', '2019-02-06 03:11:00', '2019-03-26 07:54:49', 1),
(440, 'ถุงแก้ว OPPS  8x10 (30กก)', 12, 24, 17, '2465', '100', '2850', '0020170044', '00201700441', '', '2019-02-06 03:11:04', '2019-03-26 07:54:50', 1),
(441, 'ถุงแก้ว OPPS  18x24(30กก)', 12, 24, 17, '2465', '100', '2850', '0020170045', '00201700451', '', '2019-02-06 03:11:22', '2019-03-26 07:54:51', 1),
(442, 'ถุงแก้ว OPPS  8x14 (30กก)', 12, 24, 17, '2465', '100', '2850', '0020170046', '00201700461', '', '2019-02-06 03:11:27', '2019-03-26 07:54:52', 1),
(443, 'ถุงแก้ว OPPS  9x18 (30กก)', 12, 24, 17, '2465', '100', '2850', '0020170047', '00201700471', '', '2019-02-06 03:11:32', '2019-03-26 07:54:53', 1),
(444, 'ถุงแก้ว OPPS  11x14 (30กก)', 12, 24, 17, '2465', '100', '2850', '0020170048', '00201700481', '', '2019-02-06 03:11:37', '2019-03-26 07:54:54', 1),
(445, 'ถุงแก้ว OPPS  10x16 (30กก)', 12, 24, 17, '2465', '100', '2850', '0020170049', '00201700491', '', '2019-02-06 03:11:42', '2019-03-26 07:54:55', 1),
(446, 'ถุงแก้ว OPPS  6x14 (30กก)', 12, 24, 17, '2465', '100', '2850', '0020170050', '00201700501', '', '2019-02-06 03:11:48', '2019-03-26 07:54:56', 1),
(447, 'ถุงแก้ว OPPS  14x18 (30กก)', 12, 24, 17, '2465', '100', '2850', '0020170051', '00201700511', '', '2019-02-06 03:11:54', '2019-03-26 07:54:57', 1),
(448, 'ถุงแก้ว OPPS  13x18 (30กก)', 12, 24, 17, '2465', '100', '2850', '0020170052', '00201700521', '', '2019-02-06 03:11:59', '2019-03-26 07:54:58', 1),
(449, 'ถุงแก้ว OPPS  17x18(30กก)', 12, 24, 17, '2465', '100', '2850', '0020170053', '00201700531', '', '2019-02-06 03:12:12', '2019-03-26 07:55:00', 1),
(450, ' ถุงหูหิ้วใส่(PP) 6x11 ตรากล้วยไม้/SS', 12, 24, 15, '2030', '84', '2400', '0020150001', '00201500011', '', '2019-02-06 03:24:07', '2019-03-26 07:56:51', 1),
(451, ' ถุงหูหิ้วใส่(PP) 6x14ตรากล้วยไม้/SS', 12, 24, 15, '2030', '84', '2400', '0020150002', '00201500021', '', '2019-02-06 03:24:16', '2019-03-26 07:56:53', 1),
(452, ' ถุงหูหิ้วใส่(PP) 8x16ตรากล้วยไม้/SS', 12, 24, 15, '2030', '84', '2400', '0020150003', '00201500031', '', '2019-02-06 03:24:28', '2019-03-26 07:56:54', 1),
(453, ' ถุงหูหิ้วใส่(PP) 9x18ตรากล้วยไม้/SS', 12, 24, 15, '2030', '84', '2400', '0020150004', '00201500041', '', '2019-02-06 03:24:36', '2019-03-26 07:56:54', 1),
(454, ' ถุงหูหิ้วใส่(PP) 12x20ตรากล้วยไม้/SS', 12, 24, 15, '2030', '84', '2400', '0020150005', '00201500051', '', '2019-02-06 03:24:43', '2019-03-26 07:56:56', 1),
(455, ' ถุงหูหิ้ว (หนา) 6x14 ตรากล้วยไม้', 12, 24, 15, '1715', '64', '1800', '0020150006', '00201500061', '', '2019-02-06 03:26:28', '2019-03-26 07:59:43', 1),
(456, ' ถุงหูหิ้ว (หนา) 8x16ตรากล้วยไม้', 12, 24, 15, '1715', '64', '1800', '0020150007', '00201500071', '', '2019-02-06 03:26:34', '2019-03-26 07:59:44', 1),
(457, ' ถุงหูหิ้ว (หนา) 9x18 ตรากล้วยไม้', 12, 24, 15, '1715', '64', '1800', '0020150008', '00201500081', '', '2019-02-06 03:26:42', '2019-03-26 07:59:45', 1),
(458, ' ถุงหูหิ้ว (หนา) 12x20 ตรากล้วยไม้', 12, 24, 15, '1715', '64', '1800', '0020150009', '00201500091', '', '2019-02-06 03:26:52', '2019-03-26 07:59:45', 1),
(459, ' ถุงหูหิ้ว (หนา) 12x26 ตรากล้วยไม้', 12, 24, 15, '1715', '64', '1800', '0020150010', '00201500101', '', '2019-02-06 03:27:04', '2019-03-26 07:59:46', 1),
(460, ' ถุงหูหิ้ว (หนา) 15x30 ตรากล้วยไม้', 12, 24, 15, '1715', '64', '1800', '0020150011', '00201500111', '', '2019-02-06 03:27:15', '2019-03-26 07:59:47', 1),
(461, ' ถุงหูหิ้ว (บาง) 6x11 ตรากล้วยไม้', 12, 24, 15, '1715', '64', '1800', '0020150012', '00201500121', '', '2019-02-06 03:27:55', '2019-03-26 07:59:48', 1),
(462, ' ถุงหูหิ้ว (บาง) 6x14 ตรากล้วยไม้', 12, 24, 15, '1715', '64', '1800', '0020150013', '00201500131', '', '2019-02-06 03:28:28', '2019-03-26 07:59:48', 1),
(463, ' ถุงหูหิ้ว (บาง) 8x16 ตรากล้วยไม้', 12, 24, 15, '1715', '64', '1800', '0020150014', '00201500141', '', '2019-02-06 03:28:43', '2019-03-26 07:59:49', 1),
(464, ' ถุงหูหิ้ว (บาง) 9x18 ตรากล้วยไม้', 12, 24, 15, '1715', '64', '1800', '0020150015', '00201500151', '', '2019-02-06 03:28:54', '2019-03-26 07:59:50', 1),
(465, ' ถุงหูหิ้ว (บาง) 12x20 ตรากล้วยไม้', 12, 24, 15, '1715', '64', '1800', '0020150016', '00201500161', '', '2019-02-06 03:29:02', '2019-03-26 07:59:50', 1),
(466, ' ถุงหูหิ้ว (บาง) 12x26 ตรากล้วยไม้', 12, 24, 15, '1715', '64', '1800', '0020150017', '00201500171', '', '2019-02-06 03:29:12', '2019-03-26 07:59:51', 1),
(467, ' ถุงหูหิ้ว (บาง) 15x30ตรากล้วยไม้', 12, 24, 15, '1715', '64', '1800', '0020150018', '00201500181', '', '2019-02-06 03:29:20', '2019-03-26 07:59:53', 1),
(468, 'ถุงหิ้วคู่ ', 12, 25, 15, '2685', '0', '0', '0020150019', '00201500191', '', '2019-02-06 04:45:33', '2019-04-01 04:32:14', 1),
(469, 'ถุงหิ้วเดี่ยวแบบเต็มใส ', 12, 25, 15, '2955', '0', '0', '0020150020', '00201500201', '', '2019-02-06 04:45:59', '2019-04-01 04:32:18', 0),
(470, 'ถุงหิ้วเดี่ยวแบบเต็มพิมพ์ ', 12, 25, 15, '3175', '0', '0', '0020150021', '00201500211', '', '2019-02-06 04:46:20', '2019-04-01 04:32:24', 0),
(471, 'ถุงหูหิ้ว (100) 6x11 ตราดอกบัวสม ', 12, 25, 15, '1573', '0', '0', '0020150022', '00201500221', '', '2019-02-06 04:47:21', '2019-04-01 09:14:52', 1),
(472, 'ถุงหูหิ้ว (100) 6x14 ตราดอกบัวสม ', 12, 25, 15, '1634', '0', '0', '0020150023', '00201500231', '', '2019-02-06 04:47:27', '2019-04-01 09:15:01', 1),
(473, 'ถุงหูหิ้ว (100) 8x16 ตราดอกบัวสม ', 12, 25, 15, '1511', '0', '0', '0020150024', '00201500241', '', '2019-02-06 04:47:34', '2019-04-01 09:15:10', 1),
(474, 'ถุงหูหิ้ว (100) 9x18 ตราดอกบัวสม ', 12, 25, 15, '1696', '0', '0', '0020150025', '00201500251', '', '2019-02-06 04:47:39', '2019-04-01 09:15:23', 1),
(475, 'ถุงหูหิ้ว (100) 12x20 ตราดอกบัวสม ', 12, 25, 15, '1880', '0', '0', '0020150026', '00201500261', '', '2019-02-06 04:47:43', '2019-04-01 09:15:32', 1),
(476, 'ถุงหูหิ้ว (100) 12x26 ตราดอกบัวสม ', 12, 25, 15, '1880', '0', '0', '0020150027', '00201500271', '', '2019-02-06 04:47:54', '2019-04-01 09:15:40', 1),
(477, 'ถุงหูหิ้ว (เกรดA) 6x11 ตราดอกบัวแดง', 12, 24, 15, '1880', '74', '2160', '0020150028', '00201500281', '', '2019-02-06 04:54:00', '2019-03-26 08:01:46', 1),
(478, 'ถุงหูหิ้ว (เกรดA) 6x14 ตราดอกบัวแดง', 12, 24, 15, '1880', '74', '2160', '0020150029', '00201500291', '', '2019-02-06 04:54:09', '2019-03-26 08:01:47', 1),
(479, 'ถุงหูหิ้ว (เกรดA) 8x16 ตราดอกบัวแดง', 12, 24, 15, '1880', '74', '2160', '0020150030', '00201500301', '', '2019-02-06 04:54:14', '2019-03-26 08:01:48', 1),
(480, 'ถุงหูหิ้ว (เกรดA) 9x18 ตราดอกบัวแดง', 12, 24, 15, '1880', '74', '2160', '0020150031', '00201500311', '', '2019-02-06 04:54:19', '2019-03-26 08:01:48', 1),
(481, 'ถุงหูหิ้ว (เกรดA) 12x20 ตราดอกบัวแดง', 12, 24, 15, '1880', '74', '2160', '0020150032', '00201500321', '', '2019-02-06 04:54:24', '2019-03-26 08:01:49', 1),
(482, 'ถุงหูหิ้ว (เกรดA) 12x26 ตราดอกบัวแดง', 12, 24, 15, '1880', '74', '2160', '0020150033', '00201500331', '', '2019-02-06 04:54:29', '2019-03-26 08:01:51', 1),
(483, 'ถุงหูหิ้ว (ดำ) 6x14 ตราดอกบัวส้ม', 12, 24, 15, '1365', '52', '1440', '0020150034', '00201500341', '', '2019-02-06 04:56:12', '2019-03-26 08:03:44', 1),
(484, 'ถุงหูหิ้ว (ดำ) 8x16 ตราดอกบัวส้ม', 12, 24, 15, '1365', '52', '1440', '0020150035', '00201500351', '', '2019-02-06 04:56:18', '2019-03-26 08:03:45', 1),
(485, 'ถุงหูหิ้ว (ดำ) 9x18 ตราดอกบัวส้ม', 12, 24, 15, '1365', '52', '1440', '0020150036', '00201500361', '', '2019-02-06 04:56:22', '2019-03-26 08:03:46', 1),
(486, 'ถุงหูหิ้ว (ดำ) 12x20 ตราดอกบัวส้ม', 12, 24, 15, '1365', '52', '1440', '0020150037', '00201500371', '', '2019-02-06 04:56:27', '2019-03-26 08:03:47', 1),
(487, 'ถุงหูหิ้ว (ดำ) 12x26 ตราดอกบัวส้ม', 12, 24, 15, '1365', '52', '1440', '0020150038', '00201500381', '', '2019-02-06 04:56:32', '2019-03-26 08:03:48', 1),
(488, 'ถุงสายคู่ใส 16,20,22 ', 12, 25, 15, '2945', '20', '3600', '0020150039', '00201500391', '', '2019-02-06 05:02:32', '2019-03-26 08:05:54', 1),
(489, 'ถุงสายคู่พิมพ์กาแฟ 16,20,22 ', 12, 25, 15, '3505', '25', '4600', '0020150040', '00201500401', '', '2019-02-06 05:02:44', '2019-03-26 08:06:39', 1),
(490, 'แผ่นพลาสติกรองกล่องโฟม ขนาด 5x8 นิ้ว', 12, 25, 28, '1910', '0', '0', '0020280001', '00202800011', '', '2019-02-06 05:03:43', '2019-04-01 04:31:49', 1),
(491, 'ถุงมือ HD ขนาดฟรีไซน์', 12, 21, 44, '855', '90', '1080', '0020390001', '00203900011', '', '2019-02-06 05:23:29', '2019-03-26 08:08:57', 1),
(492, ' ถุงมือยางเกรดA-สีม่วงไซน์ S', 12, 21, 44, '0', '0', '0', '0020390002', '00203900021', '', '2019-02-06 05:23:50', '2019-02-06 05:23:50', 1),
(493, 'ถุงมือยางเกรดA-สีม่วงไซน์ M', 12, 21, 44, '0', '0', '0', '0020390003', '00203900031', '', '2019-02-06 05:24:00', '2019-02-06 05:24:00', 1),
(494, 'ถุงมือยางเกรดA-สีม่วงไซน์ L', 12, 21, 44, '0', '0', '0', '0020390004', '00203900041', '', '2019-02-06 05:24:11', '2019-02-06 05:24:11', 1),
(495, 'ถุงกระดาษเก็บความเย็นแบบพิมพ์ ', 12, 21, 14, '1545', '0', '0', '0020140001', '00201400011', '', '2019-02-06 05:32:21', '2019-04-01 04:31:39', 1),
(496, 'กล่องใสPET S&C-R5', 12, 21, 2, '715', '155', '900', '0020020001', '00200200011', '', '2019-02-06 06:20:39', '2019-03-30 09:55:45', 1),
(497, 'กล่องใสPET S&C-R4', 12, 21, 2, '0', '135', '795', '0020020002', '00200200021', '', '2019-02-06 06:21:14', '2019-03-30 10:03:58', 1),
(498, 'กล่องใสPET PW-32', 12, 21, 2, '1495', '0', '0', '0020020003', '00200200031', '', '2019-02-06 06:23:49', '2019-04-01 04:31:21', 1),
(499, 'ถาดสอดถุงS&C2', 12, 21, 13, '2105', '62', '2400', '0020130001', '00201300011', '', '2019-02-06 06:24:39', '2019-03-30 10:01:03', 1),
(500, 'ถาดสอดถุงS&C3', 12, 21, 13, '2455', '75', '2550', '0020130002', '00201300021', '', '2019-02-06 06:24:45', '2019-03-30 10:01:27', 1),
(501, 'ถาดสอดถุงS&C5', 12, 21, 13, '0', '0', '0', '0020130003', '00201300031', '', '2019-02-06 06:24:50', '2019-02-06 06:24:50', 1),
(502, 'ถาดสอดถุงS&C7', 12, 21, 13, '1035', '115', '1540', '0020130004', '00201300041', '', '2019-02-06 06:24:58', '2019-03-30 10:01:56', 1),
(503, 'ถาดสอดถุงS&C1', 12, 21, 13, '635', '60', '1120', '0020130005', '00201300051', '', '2019-02-06 06:25:01', '2019-03-30 10:00:09', 1),
(504, 'ถาดสอดถุงS&C0', 12, 21, 13, '1035', '0', '0', '0020130006', '00201300061', '', '2019-02-06 06:25:12', '2019-03-30 09:57:56', 1),
(505, 'ถาดสอดถุงS&C-101 ', 12, 21, 13, '1845', '120', '1905', '0020130007', '00201300071', '', '2019-02-06 06:48:22', '2019-03-26 10:00:43', 1),
(506, 'ถาดสอดถุงS&C-102', 12, 21, 13, '1975', '86', '2035', '0020130008', '00201300081', '', '2019-02-06 06:48:26', '2019-03-30 09:58:06', 1),
(507, 'ถาดสอดถุงS&C-103', 12, 21, 13, '1615', '72', '1685', '0020130009', '00201300091', '', '2019-02-06 06:48:29', '2019-03-30 09:58:13', 1),
(508, 'ถาดสอดถุงS&C-104', 12, 21, 13, '1345', '108', '2120', '0020130010', '00201300101', '', '2019-02-06 06:48:38', '2019-03-26 10:01:08', 1),
(509, 'ถาดสอดถุงS&C-106', 12, 21, 13, '725', '160', '925', '0020130011', '00201300111', '', '2019-02-06 06:48:41', '2019-03-26 09:58:47', 1),
(510, 'ถาดสอดถุงS&C-4', 12, 21, 13, '1165', '65', '1250', '0020130012', '00201300121', '', '2019-02-06 06:50:01', '2019-03-30 10:03:18', 1),
(511, 'กล่องสามเหลี่ยมเค้กสีน ้าตาล+ฝาใส S&C-T11', 12, 21, 2, '925', '0', '0', '0020020004', '00200200041', '', '2019-02-06 06:55:52', '2019-03-26 08:12:29', 1),
(512, 'กล่องสามเหลี่ยมเค้กสีน ้าตาล+ฝาใส S&C-T12', 12, 21, 2, '995', '0', '0', '0020020005', '00200200051', '', '2019-02-06 06:56:12', '2019-03-26 08:12:34', 1),
(513, 'กล่องสี่เหลี่ยม4หลุมฐานน ้าตาล+ฝาใส S&C-T13', 12, 21, 2, '1365', '0', '0', '0020020006', '00200200061', '', '2019-02-06 06:56:19', '2019-03-26 08:12:39', 1),
(514, 'กล่องใสOPS TP-11', 12, 21, 2, '2490', '90', '2580', '0020020007', '00200200071', '', '2019-02-06 07:12:08', '2019-03-30 08:03:30', 1),
(515, 'กล่องใสล็อคOPS TP-38+ฝาใส', 12, 21, 2, '2510', '90', '2600', '0020020008', '00200200081', '', '2019-02-06 07:12:27', '2019-03-30 08:03:43', 1),
(516, 'กล่องน ้าตาลล็อคOPS TP-38+ฝาใส', 12, 21, 2, '2510', '90', '2600', '0020020009', '00200200091', '', '2019-02-06 07:12:33', '2019-03-30 08:03:48', 1),
(517, 'กล่องใสOPS TP-48', 12, 21, 2, '2350', '85', '2440', '0020020010', '00200200101', '', '2019-02-06 07:12:41', '2019-03-30 08:03:58', 1),
(518, 'กล่องใสOPS TP-16', 12, 21, 2, '2210', '0', '0', '0020020011', '00200200111', '', '2019-02-06 07:12:49', '2019-03-30 08:04:11', 0),
(519, 'กล่องใสOPS TP-18', 12, 21, 2, '2470', '110', '2560', '0020020012', '00200200121', '', '2019-02-06 07:12:57', '2019-03-30 08:04:22', 1),
(520, 'กล่องใสOPS TP-20 ', 12, 21, 2, '2490', '110', '2560', '0020020013', '00200200131', '', '2019-02-06 07:13:06', '2019-03-30 08:04:38', 1),
(521, 'กล่องใสOPS TP-35 ', 12, 21, 2, '2070', '75', '2160', '0020020014', '00200200141', '', '2019-02-06 07:13:14', '2019-03-30 08:04:49', 1),
(522, 'กล่องใสOPS TP-36 ', 12, 21, 2, '2555', '150', '2645', '0020020015', '00200200151', '', '2019-02-06 07:13:20', '2019-03-30 08:05:00', 1),
(523, ' กล่องใสล็อคOPS TP-43 ', 12, 21, 2, '1320', '75', '1410', '0020020016', '00200200161', '', '2019-02-06 07:13:26', '2019-03-30 08:05:13', 1),
(524, 'กล่องใสOPS TP-106', 12, 21, 2, '1645', '175', '1705', '0020020017', '00200200171', '', '2019-02-06 07:13:37', '2019-03-30 08:05:42', 1),
(525, 'กล่องใสOPS TP-23', 12, 21, 2, '1990', '135', '2120', '0020020018', '00200200181', '', '2019-02-06 07:13:43', '2019-03-30 08:13:11', 1),
(526, 'กล่องใสOPS HTP-1H ', 12, 21, 2, '1785', '65', '1850', '0020020019', '00200200191', '', '2019-02-06 07:13:55', '2019-03-29 05:36:00', 1),
(527, 'กล่องใสOPS HTP-2H ', 12, 21, 2, '1745', '95', '1840', '0020020020', '00200200201', '', '2019-02-06 07:14:05', '2019-03-29 05:36:20', 1),
(528, ' กล่องใสOPS HTP-4H ', 12, 21, 2, '2345', '125', '2430', '0020020021', '00200200211', '', '2019-02-06 07:14:13', '2019-03-29 05:34:11', 1),
(529, 'กล่องใสOPS HTP-13 ', 12, 21, 2, '2325', '155', '2405', '0020020022', '00200200221', '', '2019-02-06 07:14:19', '2019-03-29 05:35:37', 1),
(530, 'กล่องใสOPS HTP-17 ', 12, 21, 2, '1925', '95', '2200', '0020020023', '00200200231', '', '2019-02-06 07:14:27', '2019-03-29 05:39:09', 1),
(531, ' กล่องใสOPS HTP-30 ', 12, 21, 2, '1740', '50', '1840', '0020020024', '00200200241', '', '2019-02-06 07:14:34', '2019-03-29 05:33:07', 1),
(532, ' กล่องใสOPS HTP-31 ', 12, 21, 2, '1985', '72', '2065', '0020020025', '00200200251', '', '2019-02-06 07:14:42', '2019-03-29 05:33:14', 1),
(533, ' กล่องใสOPS HTP-37 ', 12, 21, 2, '1805', '68', '1885', '0020020026', '00200200261', '', '2019-02-06 07:14:47', '2019-03-29 05:33:24', 1),
(534, ' กล่องใสOPS HTP-45', 12, 21, 2, '2505', '112', '2535', '0020020027', '00200200271', '', '2019-02-06 07:14:55', '2019-03-29 05:33:50', 1),
(535, 'กล่องใสOPS HTP-47 ', 12, 21, 2, '2460', '130', '2540', '0020020028', '00200200281', '', '2019-02-06 07:15:02', '2019-03-29 05:37:12', 1),
(536, 'กล่องใสOPS HTP-103 ', 12, 21, 2, '2065', '75', '2415', '0020020029', '00200200291', '', '2019-02-06 07:15:07', '2019-03-29 05:35:15', 1),
(537, ' กล่องใสOPS HTP-104 ', 12, 21, 2, '2865', '152', '2945', '0020020030', '00200200301', '', '2019-02-06 07:15:14', '2019-03-29 05:32:43', 1),
(538, ' กล่องใสล็อคOPS HTP-105 ', 12, 21, 2, '2330', '155', '2410', '0020020031', '00200200311', '', '2019-02-06 07:15:22', '2019-03-29 05:34:36', 1),
(539, 'กล่องใสOPS HTP-5H', 12, 21, 2, '2350', '155', '2420', '0020020032', '00200200321', '', '2019-02-06 07:15:28', '2019-03-29 05:37:32', 1),
(540, 'กล่องใสOPS HTP-12 ', 12, 21, 2, '2585', '92', '2665', '0020020033', '00200200331', '', '2019-02-06 07:15:36', '2019-03-29 05:35:27', 1),
(541, 'กล่องใสOPS HTP-32 ', 12, 21, 2, '2545', '70', '2625', '0020020034', '00200200341', '', '2019-02-06 07:15:42', '2019-03-29 05:36:30', 1),
(542, 'กล่องใสOPS HTP-39 ', 12, 21, 2, '2105', '190', '2220', '0020020035', '00200200351', '', '2019-02-06 07:15:46', '2019-03-29 05:36:43', 1),
(543, ' กล่องใสOPS HTP-40 ', 12, 21, 2, '2025', '110', '2105', '0020020036', '00200200361', '', '2019-02-06 07:15:52', '2019-03-29 05:33:42', 1),
(544, ' กล่องใสOPS HTP-101 ', 12, 21, 2, '2055', '56', '2135', '0020020037', '00200200371', '', '2019-02-06 07:15:59', '2019-03-29 05:32:34', 1),
(545, 'กล่องใสล็อคOPS HTP-42 ', 12, 21, 2, '2100', '125', '2180', '0020020038', '00200200381', '', '2019-02-06 07:16:15', '2019-03-29 05:37:48', 1),
(546, 'กล่องใสOPS HTP-102 ', 12, 21, 2, '2325', '105', '2405', '0020020039', '00200200391', '', '2019-02-06 07:16:25', '2019-03-29 05:35:06', 1),
(547, 'กล่องใสOPS HTP-15 ', 12, 21, 2, '2080', '140', '2106', '0020020040', '00200200401', '', '2019-02-06 07:16:30', '2019-03-29 05:35:43', 1),
(548, ' กล่องใสOPS HTP-46 ', 12, 21, 2, '1875', '70', '1955', '0020020041', '00200200411', '', '2019-02-06 07:16:37', '2019-03-29 05:33:58', 1),
(549, ' กล่องใสOPS HTP-6H', 12, 21, 2, '2335', '205', '2415', '0020020042', '00200200421', '', '2019-02-06 07:16:43', '2019-03-29 05:34:26', 1),
(550, 'กล่องใสOPS HTP-43 ', 12, 21, 2, '1340', '75', '1410', '0020020043', '00200200431', '', '2019-02-06 07:16:52', '2019-03-29 05:36:59', 1),
(551, 'กล่องใสล็อคOPS HTP-38+ฝาใส ', 12, 21, 2, '2015', '90', '2600', '0020020044', '00200200441', '', '2019-02-06 07:17:03', '2019-03-29 05:37:41', 1),
(552, ' กล่องใสOPS HTP-18 ', 12, 21, 2, '2450', '110', '2560', '0020020045', '00200200451', '', '2019-02-06 07:17:08', '2019-03-29 05:32:55', 1),
(553, 'กล่องใสOPS HTP-20 ', 12, 21, 2, '2470', '110', '2560', '0020020046', '00200200461', '', '2019-02-06 07:17:13', '2019-03-29 05:36:10', 1),
(554, 'กล่องใสOPS HTP-48 ', 12, 21, 2, '2340', '85', '2440', '0020020047', '00200200471', '', '2019-02-06 07:17:18', '2019-03-29 05:37:19', 1),
(555, 'กล่องข้าวสี่เหลี่ยมสีขาวS&C-L-31+ฝาPET(3หลุม)', 12, 21, 2, '915', '118', '944', '0020020048', '00200200481', '', '2019-02-06 07:19:11', '2019-03-26 08:21:30', 1),
(556, 'กล่องข้าวสี่เหลี่ยมสีดำS&C-L-31+ฝาPET(3หลุม)', 12, 21, 2, '915', '118', '944', '0020020049', '00200200491', '', '2019-02-06 07:19:43', '2019-03-26 08:21:34', 1),
(557, 'กล่องข้าวสี่เหลี่ยมสีขาวS&C-L-34(PP)+ฝาPET(3หลุม)', 12, 21, 2, '900', '118', '944', '0020020050', '00200200501', '', '2019-02-06 07:19:54', '2019-03-26 08:21:36', 1),
(558, 'กล่องข้าวสี่เหลี่ยมสีดำS&C-L-34(PP)+ฝาPET(3หลุม)', 12, 21, 2, '900', '118', '944', '0020020051', '00200200511', '', '2019-02-06 07:20:01', '2019-03-26 08:21:39', 1),
(559, 'กล่องสามเหลี่ยมแซนวิช S&C-T6', 12, 21, 2, '2625', '0', '0', '0020020052', '00200200521', '', '2019-02-06 07:34:00', '2019-03-30 09:55:33', 1),
(560, ' ตะเกียบไม้(ซองน ้าเงิน)ไม่มีไม้จิ้มฟัน ขนาด 22cm', 12, 21, 18, '695', '23', '880', '0020180001', '00201800011', '', '2019-02-06 07:44:11', '2019-03-26 08:24:32', 1),
(561, 'ถ้วย 1oz.จีบสีใส PP(ตราผึ้ง)', 12, 21, 5, '775', '0', '0', '0020050001', '00200500011', '', '2019-02-06 08:42:17', '2019-04-01 04:33:52', 1),
(562, 'ถ้วยชิม 30cc', 12, 21, 5, '1125', '0', '0', '0020050002', '00200500021', '', '2019-02-06 08:43:17', '2019-03-26 08:25:08', 1),
(563, ' ถ้วยกระดาษICE 750cc', 12, 21, 16, '0', '0', '0', '0020160001', '00201600011', '', '2019-02-08 04:06:56', '2019-04-01 09:14:23', 0),
(564, ' ชามไอศครีมซุปเปอร์จิ๋วดอกบัวชมพู', 12, 21, 20, '1040', '13', '1200', '0020200001', '00202000011', '', '2019-02-08 04:08:15', '2019-04-01 09:05:22', 1),
(565, ' ชามไอศครีมซุปเปอร์จิ๋วดอกบัวขาว', 12, 21, 20, '1040', '13', '1200', '0020200002', '00202000021', '', '2019-02-08 04:08:24', '2019-04-01 09:06:15', 1),
(566, 'ชามไอศครีมซุปเปอร์จิ๋วดอกบัวใส', 12, 21, 20, '460', '15', '560', '0020200003', '00202000031', '', '2019-02-08 04:08:37', '2019-04-01 09:08:41', 1),
(567, ' ถ้วยกระดาษดับเบิ้ลวอลสีด า 8oz.ไม่มีหู(ไม่พิมพ์)', 12, 21, 1, '0', '0', '0', '0020010001', '00200100011', '', '2019-02-08 04:10:33', '2019-02-08 04:10:33', 1),
(568, ' ถ้วย 15oz.ไต้หวันใส/RB ', 12, 21, 1, '725', '22', '840', '0020010002', '00200100021', '', '2019-02-08 04:13:00', '2019-03-26 08:29:51', 1),
(569, ' ถ้วย 15oz.ไต้หวันลาย/RB ', 12, 21, 1, '870', '25', '960', '0020010003', '00200100031', '', '2019-02-08 04:13:23', '2019-03-26 08:30:04', 1),
(570, ' ถ้วย 16oz.ไต้หวันใส(ตราผึ้ง)', 12, 21, 1, '725', '45', '880', '0020010004', '00200100041', '', '2019-02-08 04:14:04', '2019-03-26 08:31:03', 1),
(571, ' ถ้วย 16oz.ไต้หวันลาย(ตราผึ้ง)', 12, 21, 1, '870', '50', '980', '0020010005', '00200100051', '', '2019-02-08 04:14:14', '2019-03-26 08:31:31', 1);
INSERT INTO `products` (`id`, `name`, `factory_id`, `package_unit_id`, `category_id`, `buy_price`, `sell_price`, `sell_price_package`, `barcode`, `barcode_of_unit`, `description`, `date_inserted`, `date_last_update`, `status`) VALUES
(572, 'ถ้วย 10oz.PP ใส/RB ', 12, 21, 1, '255', '0', '0', '0020010006', '00200100061', '', '2019-02-08 04:14:35', '2019-03-29 07:02:51', 1),
(573, 'ถ้วย 12oz.PP ใส/RB ', 12, 21, 1, '255', '0', '0', '0020010007', '00200100071', '', '2019-02-08 04:14:53', '2019-03-29 07:02:55', 1),
(574, ' ถ้วย 14oz.PP ใส(8.5)/TL', 12, 21, 1, '735', '39', '760', '0020010008', '00200100081', '', '2019-02-08 04:15:10', '2019-04-01 09:09:59', 1),
(575, ' ฟิล์มเอสเคแร็ป(A) 11mic./8 นิ้ว (6 ม้วน/ลัง)', 12, 20, 11, '945', '0', '0', '0020110001', '00201100011', '', '2019-02-08 04:26:13', '2019-03-30 07:18:23', 1),
(576, ' ฟิล์มเอสเคแร็ป(A) 11mic./10 นิ้ว (6 ม้วน/ลัง)', 12, 20, 11, '1165', '0', '0', '0020110002', '00201100021', '', '2019-02-08 04:26:24', '2019-03-30 07:17:18', 1),
(577, ' ฟิล์มเอสเคแร็ป(A) 11mic./12 นิ้ว (6 ม้วน/ลัง)', 12, 20, 11, '1395', '0', '0', '0020110003', '00201100031', '', '2019-02-08 04:26:30', '2019-03-29 07:05:02', 1),
(578, ' ฟิล์มเอสเคแร็ป(A) 11mic./14 นิ้ว (6 ม้วน/ลัง)', 12, 20, 11, '1620', '0', '0', '0020110004', '00201100041', '', '2019-02-08 04:26:34', '2019-03-30 07:17:24', 1),
(579, ' ฟิล์มเอสเคแร็ป(A) 11mic./18 นิ้ว (4 ม้วน/ลัง)', 12, 20, 11, '1395', '0', '0', '0020110005', '00201100051', '', '2019-02-08 04:26:42', '2019-03-30 07:17:32', 1),
(580, ' ฟิล์มเอสเคแร็ป(TH) 11mic./8 นิ้ว (6 ม้วน/ลัง)', 12, 20, 11, '925', '0', '0', '0020110006', '00201100061', '', '2019-02-08 04:27:03', '2019-04-01 09:10:24', 1),
(581, ' ฟิล์มเอสเคแร็ป(TH) 11mic./10 นิ้ว (6 ม้วน/ลัง)', 12, 20, 11, '1145', '0', '0', '0020110007', '00201100071', '', '2019-02-08 04:27:08', '2019-04-01 09:10:30', 1),
(582, ' ฟิล์มเอสเคแร็ป(TH) 11mic./12 นิ้ว (6 ม้วน/ลัง)', 12, 20, 11, '1365', '0', '0', '0020110008', '00201100081', '', '2019-02-08 04:27:13', '2019-04-01 09:10:36', 1),
(583, 'ฟิล์มซิลล์ปากถ้วย 13cm. น ้าส้ม', 12, 20, 11, '3355', '0', '0', '0020110009', '00201100091', '', '2019-02-08 04:27:41', '2019-04-01 09:10:51', 1),
(584, 'ถ้วย 22oz.PP เรียบใส YODO', 12, 20, 1, '755', '0', '0', '0020010009', '00200100091', '', '2019-02-08 04:28:24', '2019-03-29 07:02:46', 1),
(585, 'ถ้วย 16oz.PP เรียบใส YODO', 12, 20, 1, '685', '0', '0', '0020010010', '00200100101', '', '2019-02-08 04:28:42', '2019-04-01 04:33:17', 1),
(586, 'ถ้วย 22oz.PP เรียบลาย YODO', 12, 20, 1, '840', '0', '0', '0020010011', '00200100111', '', '2019-02-08 04:28:53', '2019-03-29 07:06:22', 1),
(587, ' ฝาโดม 95cm.ไต้หวันTPเจาะรู ', 12, 21, 4, '1025', '0', '0', '0020040001', '00200400011', '', '2019-02-09 07:38:40', '2019-03-26 09:27:15', 1),
(588, 'ฝาโดมสี9.5cm.ไต้หวันเจาะรู', 12, 21, 4, '0', '0', '0', '0020040002', '00200400021', '', '2019-02-09 07:40:11', '2019-02-09 07:40:11', 1),
(589, 'ฝาโดมสี9.5cm.ไต้หวันเจาะรู', 12, 21, 4, '0', '0', '0', '0020040003', '00200400031', '', '2019-02-09 07:59:47', '2019-02-09 07:59:47', 1),
(590, ' ฝาเรียบเคเรซิ่น/ทานตะวัน ', 12, 21, 4, '540', '0', '0', '0020040004', '00200400041', '', '2019-02-09 08:01:30', '2019-03-26 09:26:15', 1),
(591, ' ฝาเรียบยกดื่มปิดถ้วยกระดาษดับเบิ้ลวอล 8oz.สีด า/', 12, 21, 4, '0', '0', '0', '0020040005', '00200400051', '', '2019-02-09 08:01:48', '2019-02-09 08:01:48', 1),
(592, 'ส้อมเล็กสีขาวM', 12, 23, 8, '2515', '0', '0', '0020080001', '00200800011', '', '2019-02-09 08:40:47', '2019-04-01 09:13:31', 1),
(593, 'ส้อมจิ้มผลไม้สี', 12, 23, 8, '3255', '0', '0', '0020080002', '00200800021', '', '2019-02-09 08:41:00', '2019-04-01 09:11:08', 1),
(594, ' ส้อมใหญ', 12, 23, 8, '1975', '0', '0', '0020080003', '00200800031', '', '2019-02-09 08:41:09', '2019-04-01 09:11:33', 1),
(595, 'มีด', 12, 23, 8, '2255', '0', '0', '0020080004', '00200800041', '', '2019-02-09 08:41:18', '2019-04-01 09:11:41', 1),
(596, ' กล่องข้าวกระดาษฟู้ดส์เกรด 725ml', 12, 21, 45, '1315', '90', '1360', '0020400001', '00204000011', '', '2019-02-09 08:53:30', '2019-03-26 09:58:25', 1),
(597, ' กล่องข้าวกระดาษฟู้ดส์เกรด 600ml', 12, 21, 45, '1215', '85', '1280', '0020400002', '00204000021', '', '2019-02-09 08:53:35', '2019-03-26 09:58:02', 1),
(598, ' ถาดกระดาษฟู้ดส์เกรดเอนกประสงค์ขนาด 5x8', 12, 21, 23, '965', '0', '0', '0020230001', '00202300011', '', '2019-02-09 08:54:16', '2019-04-01 09:11:56', 1),
(599, ' จานกระดาษ 7 นิ้ว ', 12, 21, 23, '393', '25', '480', '0020230002', '00202300021', '', '2019-02-09 08:54:43', '2019-03-26 10:06:53', 1),
(600, ' จานกระดาษ 9 นิ้ว ', 12, 21, 23, '513', '35', '680', '0020230003', '00202300031', '', '2019-02-09 08:54:55', '2019-03-26 10:07:07', 1),
(601, ' จานกระดาษ 6 นิ้ว ', 12, 21, 23, '313', '18', '340', '0020230004', '00202300041', '', '2019-02-09 08:55:02', '2019-03-26 10:06:46', 1),
(602, 'ช้อนไอศครีมขุ่นรีน่าสีขาว', 12, 23, 8, '2535', '0', '0', '0020080005', '00200800051', '', '2019-02-09 08:55:53', '2019-04-01 09:13:43', 1),
(603, 'ช้อนไอศครีมรีน่าคละสี', 12, 23, 8, '2155', '0', '0', '0020080006', '00200800061', '', '2019-02-09 08:56:01', '2019-04-01 09:13:54', 1),
(604, 'ช้อนใหญ่ ', 12, 23, 8, '1975', '0', '0', '0020080007', '00200800071', '', '2019-02-09 08:56:15', '2019-04-01 09:12:34', 1),
(605, 'ช้อนคนกาแฟ ', 12, 23, 8, '3315', '0', '0', '0020080008', '00200800081', '', '2019-02-09 08:56:22', '2019-04-01 09:12:46', 1),
(606, 'ช้อนปลายส้อมสีขาว', 12, 23, 8, '3715', '0', '0', '0020080009', '00200800091', '', '2019-02-09 08:56:28', '2019-04-01 09:12:54', 1),
(607, 'หลอดใหญ่สีทอง ', 12, 21, 3, '580', '0', '0', '0020030001', '00200300011', '', '2019-02-09 08:56:43', '2019-03-30 05:46:29', 1),
(608, 'หลอดใหญ่สีเขียว ', 12, 21, 3, '580', '0', '0', '0020030002', '00200300021', '', '2019-02-09 08:56:48', '2019-03-30 05:46:33', 1),
(609, 'หลอดงอสีขาว 5mmx21cm', 12, 21, 3, '410', '0', '0', '0020030003', '00200300031', '', '2019-02-09 08:57:06', '2019-03-30 05:31:34', 1),
(610, 'หลอดงอพื้นสีเข้มลายคละสี 5mmx21cm', 12, 21, 3, '410', '0', '0', '0020030004', '00200300041', '', '2019-02-09 08:57:11', '2019-03-30 05:31:39', 1),
(611, ' หลอดงอสีน ้าตาล 5mmx21cm', 12, 21, 3, '410', '0', '0', '0020030005', '00200300051', '', '2019-02-09 08:57:16', '2019-03-30 05:31:42', 1),
(612, 'หลอดงอสีสดคละสีเส้น 6mmx21cm', 12, 21, 3, '510', '0', '0', '0020030006', '00200300061', '', '2019-02-09 08:57:29', '2019-03-30 05:32:25', 1),
(613, ' หลอดงอสีน ้าตาล 6mmx21cm', 12, 21, 3, '510', '0', '0', '0020030007', '00200300071', '', '2019-02-09 08:57:33', '2019-03-30 05:32:27', 1),
(614, ' หลอดงอสีขาว 6mmx21cm.', 12, 21, 3, '510', '0', '0', '0020030008', '00200300081', '', '2019-02-09 08:57:58', '2019-03-30 05:32:30', 1),
(615, 'หลอดงอสีด า 8mmx23.5cm', 12, 21, 3, '490', '0', '0', '0020030009', '00200300091', '', '2019-02-09 08:58:45', '2019-03-30 05:36:52', 1),
(616, 'หลอดงอปลายช้อนพื้นสีสดคละสีเส้น 8mmx23.5cm', 12, 21, 3, '0', '0', '0', '0020030010', '00200300101', '', '2019-02-09 08:58:54', '2019-03-30 05:39:46', 0),
(617, 'หลอดงอปลายช้อนพื้นสีสดคละสีเส้น 8mmx23.5cm/S (250เส้น)', 12, 21, 3, '905', '0', '0', '0020030011', '00200300111', '', '2019-02-09 08:59:16', '2019-03-30 05:40:47', 1),
(618, 'หลอดงอปลายช้อนสีน ้าตาล 8mmx23.5cm/S (250)', 12, 21, 3, '905', '0', '0', '0020030012', '00200300121', '', '2019-02-09 08:59:30', '2019-03-30 05:40:49', 1),
(619, 'หลอดงอพื้นสีสดคละสีเส้น 8mmx23.5cm.', 12, 21, 3, '490', '0', '0', '0020030013', '00200300131', '', '2019-02-09 08:59:49', '2019-03-30 05:33:40', 1),
(620, ' หลอดงอสีหวานพลาสเทล 8mmx23.5cm', 12, 21, 3, '490', '0', '0', '0020030014', '00200300141', '', '2019-02-09 08:59:55', '2019-03-30 05:34:29', 1),
(621, ' หลอดงอพื้นสีน ้าตาล 8mmx23.5cm', 12, 21, 3, '490', '0', '0', '0020030015', '00200300151', '', '2019-02-09 09:00:12', '2019-03-30 05:36:22', 1),
(622, 'หลอดปลายช้อนสีน ้าตาล 8mmx23cm', 12, 21, 3, '0', '0', '0', '0020030016', '00200300161', '', '2019-02-09 09:00:17', '2019-03-30 05:41:10', 0),
(623, ' หลอดใหญ่พื้นสีริ้วขาวคละสีเส้น 11.5mmx17cm.(2.7กก.)2500เส้น/มัด(6มัด/ลูก)', 12, 25, 3, '1540', '0', '0', '0020030017', '00200300171', '', '2019-02-09 09:00:50', '2019-03-30 05:46:43', 1),
(624, ' หลอดใหญ่พื้นสีริ้วขาวคละสีเส้น 11.5mmx22cm.(2.7กก.) 1750เส้น/มัด(6 มัด/ลูก) ', 12, 25, 3, '1540', '0', '0', '0020030018', '00200300181', '', '2019-02-09 09:01:03', '2019-03-30 05:41:44', 1),
(625, ' หลอดเกล็ดหิมะ(สีส้ม) 6mmx15cm./2กก.(12 มัด/ลูก) ', 12, 25, 3, '1873', '0', '0', '0020030019', '00200300191', '', '2019-02-09 09:01:23', '2019-03-30 05:42:08', 1),
(626, 'ถุงขยะมังกร 18x20', 16, 24, 42, '905', '38', '1080', '0060370001', '00603700011', '', '2019-02-13 08:44:48', '2019-02-16 05:46:10', 1),
(627, 'ถุงขยะมังกร 20x30', 16, 24, 42, '905', '38', '1080', '0060370002', '00603700021', '', '2019-02-13 08:45:00', '2019-02-16 05:46:19', 1),
(628, 'ถุงขยะมังกร 22x30', 16, 24, 42, '905', '38', '1080', '0060370003', '00603700031', '', '2019-02-13 08:45:17', '2019-02-16 05:46:29', 1),
(629, 'ถุงขยะมังกร 26x30', 16, 24, 42, '905', '38', '1080', '0060370004', '00603700041', '', '2019-02-13 08:45:24', '2019-02-16 05:46:42', 1),
(630, 'ถุงขยะมังกร 28x30', 16, 24, 42, '905', '38', '1080', '0060370005', '00603700051', '', '2019-02-13 08:45:30', '2019-02-16 05:46:53', 1),
(631, 'ถุงขยะมังกร 24x28', 16, 24, 42, '905', '38', '1080', '0060370006', '00603700061', '', '2019-02-13 08:45:42', '2019-02-16 05:47:02', 1),
(632, 'ถุงขยะมังกร 30x40', 16, 24, 42, '905', '38', '1080', '0060370007', '00603700071', '', '2019-02-13 08:45:57', '2019-02-16 05:47:10', 1),
(633, 'ถุงขยะมังกร 36x45', 16, 24, 42, '905', '38', '1080', '0060370008', '00603700081', '', '2019-02-13 08:46:04', '2019-02-16 05:47:21', 1),
(634, 'P.P. ร้อนใส ตราว่าววงเดือน 2x4', 15, 24, 27, '2250', '475', '2850', '0050270001', '00502700011', '', '2019-02-14 07:23:37', '2019-02-14 07:23:37', 1),
(635, 'P.P. ร้อนใส ตราว่าววงเดือน 2.5x4', 15, 24, 27, '2250', '475', '2850', '0050270002', '00502700021', '', '2019-02-14 07:23:42', '2019-02-14 07:23:42', 1),
(636, 'P.P. ร้อนใส ตราว่าววงเดือน 2x5', 15, 24, 27, '2250', '475', '2850', '0050270003', '00502700031', '', '2019-02-14 07:24:22', '2019-02-14 07:24:22', 1),
(637, 'P.P. ร้อนใส ตราว่าววงเดือน 2.5x5', 15, 24, 27, '2250', '475', '2850', '0050270004', '00502700041', '', '2019-02-14 07:24:28', '2019-02-14 07:24:28', 1),
(638, 'P.P. ร้อนใส ตราว่าววงเดือน 3x5', 15, 24, 27, '1805', '375', '2250', '0050270005', '00502700051', '', '2019-02-14 07:25:41', '2019-02-14 07:25:41', 1),
(639, 'P.P. ร้อนใส ตราว่าววงเดือน 3.5x5', 15, 24, 27, '1805', '375', '2250', '0050270006', '00502700061', '', '2019-02-14 07:25:46', '2019-02-14 07:25:46', 1),
(640, 'P.P. ร้อนใส ตราว่าววงเดือน 3.5x6', 15, 24, 27, '1805', '375', '2250', '0050270007', '00502700071', '', '2019-02-14 07:25:55', '2019-02-14 07:25:55', 1),
(641, 'P.P. ร้อนใส ตราว่าววงเดือน 4x6', 15, 24, 27, '1805', '325', '1950', '0050270008', '00502700081', '', '2019-02-14 07:27:57', '2019-02-14 07:27:57', 1),
(642, 'P.P. ร้อนใส ตราว่าววงเดือน 4x7', 15, 24, 27, '1805', '325', '1950', '0050270009', '00502700091', '', '2019-02-14 07:28:05', '2019-02-14 07:28:05', 1),
(643, 'P.P. ร้อนใส ตราว่าววงเดือน 4.5x7', 15, 24, 27, '1805', '325', '1950', '0050270010', '00502700101', '', '2019-02-14 07:28:20', '2019-02-14 07:28:20', 1),
(644, 'P.P. ร้อนใส ตราว่าววงเดือน 4x8', 15, 24, 27, '1805', '325', '1950', '0050270011', '00502700111', '', '2019-02-14 07:28:27', '2019-02-14 07:28:27', 1),
(645, 'P.P. ร้อนใส ตราว่าววงเดือน 5x7', 15, 24, 27, '1805', '325', '1950', '0050270012', '00502700121', '', '2019-02-14 07:28:35', '2019-02-14 07:28:35', 1),
(646, 'P.P. ร้อนใส ตราว่าววงเดือน 5x8', 15, 24, 27, '1805', '325', '1950', '0050270013', '00502700131', '', '2019-02-14 07:28:40', '2019-02-14 07:28:40', 1),
(647, 'P.P. ร้อนใส ตราว่าววงเดือน 5x9', 15, 24, 27, '1805', '325', '1950', '0050270014', '00502700141', '', '2019-02-14 07:28:43', '2019-02-14 07:28:43', 1),
(648, 'P.P. ร้อนใส ตราว่าววงเดือน 5x10', 15, 24, 27, '1805', '325', '1950', '0050270015', '00502700151', '', '2019-02-14 07:28:46', '2019-02-14 07:28:46', 1),
(649, 'P.P. ร้อนใส ตราว่าววงเดือน 6x8', 15, 24, 27, '1805', '325', '1950', '0050270016', '00502700161', '', '2019-02-14 07:28:57', '2019-02-14 07:28:57', 1),
(650, 'P.P. ร้อนใส ตราว่าววงเดือน 6x9', 15, 24, 27, '1805', '325', '1950', '0050270017', '00502700171', '', '2019-02-14 07:29:02', '2019-02-14 07:29:02', 1),
(651, 'P.P. ร้อนใส ตราว่าววงเดือน 6x10', 15, 24, 27, '1805', '325', '1950', '0050270018', '00502700181', '', '2019-02-14 07:29:07', '2019-02-14 07:29:07', 1),
(652, 'P.P. ร้อนใส ตราว่าววงเดือน 6x11', 15, 24, 27, '1805', '325', '1950', '0050270019', '00502700191', '', '2019-02-14 07:29:10', '2019-02-14 07:29:10', 1),
(653, 'P.P. ร้อนใส ตราว่าววงเดือน 6x12', 15, 24, 27, '1805', '325', '1950', '0050270020', '00502700201', '', '2019-02-14 07:29:12', '2019-02-14 07:29:12', 1),
(654, 'P.P. ร้อนใส ตราว่าววงเดือน 7x10', 15, 24, 27, '1805', '325', '1950', '0050270021', '00502700211', '', '2019-02-14 07:29:25', '2019-02-14 07:29:25', 1),
(655, 'P.P. ร้อนใส ตราว่าววงเดือน 7x11', 15, 24, 27, '1805', '325', '1950', '0050270022', '00502700221', '', '2019-02-14 07:29:29', '2019-02-14 07:29:29', 1),
(656, 'P.P. ร้อนใส ตราว่าววงเดือน 7x12', 15, 24, 27, '1805', '325', '1950', '0050270023', '00502700231', '', '2019-02-14 07:29:31', '2019-02-14 07:29:31', 1),
(657, 'P.P. ร้อนใส ตราว่าววงเดือน 7x14', 15, 24, 27, '1805', '325', '1950', '0050270024', '00502700241', '', '2019-02-14 07:29:34', '2019-02-14 07:29:34', 1),
(658, 'P.P. ร้อนใส ตราว่าววงเดือน 8x12', 15, 24, 27, '1805', '325', '1950', '0050270025', '00502700251', '', '2019-02-14 07:29:44', '2019-02-14 07:29:44', 1),
(659, 'P.P. ร้อนใส ตราว่าววงเดือน 8x14', 15, 24, 27, '1805', '325', '1950', '0050270026', '00502700261', '', '2019-02-14 07:29:46', '2019-02-14 07:29:46', 1),
(660, 'P.P. ร้อนใส ตราว่าววงเดือน 9x14', 15, 24, 27, '1805', '325', '1950', '0050270027', '00502700271', '', '2019-02-14 07:29:55', '2019-02-14 07:29:55', 1),
(661, 'P.P. ร้อนใส ตราว่าววงเดือน 9x16', 15, 24, 27, '1805', '325', '1950', '0050270028', '00502700281', '', '2019-02-14 07:29:57', '2019-02-14 07:29:57', 1),
(662, 'P.P. ร้อนใส ตราว่าววงเดือน 10x15', 15, 24, 27, '1805', '325', '1950', '0050270029', '00502700291', '', '2019-02-14 07:30:04', '2019-02-14 07:30:04', 1),
(663, 'P.P. ร้อนใส ตราว่าววงเดือน 10x16', 15, 24, 27, '1805', '325', '1950', '0050270030', '00502700301', '', '2019-02-14 07:30:09', '2019-02-14 07:30:09', 1),
(664, 'P.P. ร้อนใส ตราว่าววงเดือน 11x17', 15, 24, 27, '1805', '325', '1950', '0050270031', '00502700311', '', '2019-02-14 07:30:19', '2019-02-14 07:30:19', 1),
(665, 'P.P. ร้อนใส ตราว่าววงเดือน 12x18', 15, 24, 27, '1805', '325', '1950', '0050270032', '00502700321', '', '2019-02-14 07:30:26', '2019-02-14 07:30:26', 1),
(666, 'P.P. ร้อนใส ตราว่าววงเดือน 12x20', 15, 24, 27, '1805', '325', '1950', '0050270033', '00502700331', '', '2019-02-14 07:30:29', '2019-02-14 07:30:29', 1),
(667, 'P.P. ร้อนใส ตราว่าววงเดือน 14x22', 15, 24, 27, '1805', '325', '1950', '0050270034', '00502700341', '', '2019-02-14 07:30:35', '2019-02-14 07:30:35', 1),
(668, 'P.P. ร้อนใส ตราว่าววงเดือน 14x24', 15, 24, 27, '1805', '325', '1950', '0050270035', '00502700351', '', '2019-02-14 07:30:38', '2019-02-14 07:30:38', 1),
(669, 'P.P. ร้อนใส ตราว่าววงเดือน 16x26', 15, 24, 27, '1805', '325', '1950', '0050270036', '00502700361', '', '2019-02-14 07:30:43', '2019-02-14 07:30:43', 1),
(670, 'P.P. ร้อนใส ตราว่าววงเดือน 18x28', 15, 24, 27, '1805', '325', '1950', '0050270037', '00502700371', '', '2019-02-14 07:30:52', '2019-02-14 07:30:52', 1),
(671, 'P.P. ร้อนใส ตราว่าววงเดือน 20x30', 15, 24, 27, '1805', '325', '1950', '0050270038', '00502700381', '', '2019-02-14 07:31:00', '2019-02-14 07:31:00', 1),
(672, 'ถุงหิ้ว 6x11 ตราว่าววงเดือน', 15, 24, 15, '1955', '70', '2100', '0050150001', '00501500011', '', '2019-02-14 07:40:36', '2019-02-14 07:40:36', 1),
(673, 'ถุงหิ้ว 6x14 ตราว่าววงเดือน', 15, 24, 15, '1955', '70', '2100', '0050150002', '00501500021', '', '2019-02-14 07:40:43', '2019-02-14 07:40:43', 1),
(674, 'ถุงหิ้ว 8x16 ตราว่าววงเดือน', 15, 24, 15, '1955', '70', '2100', '0050150003', '00501500031', '', '2019-02-14 07:40:51', '2019-02-14 07:40:51', 1),
(675, 'ถุงหิ้ว 9x18 ตราว่าววงเดือน', 15, 24, 15, '1955', '70', '2100', '0050150004', '00501500041', '', '2019-02-14 07:40:57', '2019-02-14 07:40:57', 1),
(676, 'ถุงหิ้ว 12x20 ตราว่าววงเดือน', 15, 24, 15, '1955', '70', '2100', '0050150005', '00501500051', '', '2019-02-14 07:41:06', '2019-02-14 07:41:06', 1),
(677, 'ถุงหิ้ว 12x26 ตราว่าววงเดือน', 15, 24, 15, '1955', '70', '2100', '0050150006', '00501500061', '', '2019-02-14 07:41:17', '2019-02-14 07:41:17', 1),
(678, 'ถุงหิ้ว 15x30 ตราว่าววงเดือน', 15, 24, 15, '1955', '70', '2100', '0050150007', '00501500071', '', '2019-02-14 07:41:26', '2019-02-14 07:41:26', 1),
(679, 'ถุงหิ้ว 15x30 ตราว่าววงเดือน', 15, 24, 15, '1955', '70', '2100', '0050150008', '00501500081', '', '2019-02-14 07:54:34', '2019-03-07 05:59:18', 0),
(680, 'ถุงหิ้ว 6x14 ตราว่าววงเดือนชมพู', 15, 25, 15, '1895', '85', '2125', '0050150009', '00501500091', '', '2019-02-14 08:11:10', '2019-02-14 08:11:10', 1),
(681, 'ถุงหิ้ว 8x16 ตราว่าววงเดือนชมพู', 15, 25, 15, '1920', '135', '2160', '0050150010', '00501500101', '', '2019-02-14 08:51:18', '2019-02-14 08:54:08', 1),
(682, 'ถุงหิ้ว 9x18 ตราว่าววงเดือนชมพู', 15, 25, 15, '1833', '235', '2350', '0050150011', '00501500111', '', '2019-02-14 08:52:40', '2019-02-14 09:06:22', 1),
(683, 'ถุงหิ้ว 8x15 ตราว่าววงเดือนชมพู', 15, 25, 15, '1920', '135', '2160', '0050150012', '00501500121', '', '2019-02-14 08:53:08', '2019-02-14 08:54:24', 1),
(684, 'ถุงหิ้ว 6x11 ตราว่าววงเดือนชมพู', 15, 21, 15, '1709', '70', '2100', '0050150013', '00501500131', '', '2019-02-14 09:09:59', '2019-02-14 09:09:59', 1),
(685, 'ถุงหิ้ว 12x20 ตราว่าววงเดือนชมพู', 15, 21, 15, '1709', '365', '2190', '0050150014', '00501500141', '', '2019-02-14 09:14:12', '2019-02-14 09:14:12', 1),
(686, 'เชือกฟางเส้นใหญ่ 20 บาท', 15, 26, 29, '695', '75', '900', '0050290001', '00502900011', '', '2019-02-15 05:47:34', '2019-02-15 05:47:34', 1),
(687, 'เชือกฟางเส้นใหญ่ 10 บาท', 15, 26, 29, '779', '45', '1080', '0050290002', '00502900021', '', '2019-02-15 05:56:47', '2019-02-15 05:56:47', 1),
(688, 'เชือกฟางเส้นใหญ่ 5 บาท', 15, 26, 29, '595', '45', '900', '0050290003', '00502900031', '', '2019-02-15 06:28:57', '2019-02-15 06:28:57', 1),
(689, 'หลอดยาวตรามังกรคู่', 15, 26, 3, '1475', '75', '1800', '0050030001', '00500300011', '', '2019-02-15 07:15:55', '2019-02-15 07:15:55', 1),
(690, 'หลอดสั้นตรามังกรคู่', 15, 26, 3, '1475', '75', '1800', '0050030002', '00500300021', '', '2019-02-15 07:16:45', '2019-02-15 07:16:45', 1),
(691, 'ยางวงเล็กปืน', 15, 24, 3, '2675', '60', '3600', '0050030003', '00500300031', '', '2019-02-15 07:19:20', '2019-02-15 07:19:20', 1),
(692, 'ยางวงใหญ่ปืน', 15, 24, 3, '2675', '60', '3600', '0050030004', '00500300041', '', '2019-02-15 07:19:36', '2019-02-15 07:19:36', 1),
(693, 'เชือกลวด 20 บาท', 15, 26, 29, '695', '75', '900', '0050290004', '00502900041', '', '2019-02-16 03:13:23', '2019-02-16 03:13:23', 1),
(694, 'เชือกลวด 10 บาท', 15, 26, 29, '779', '45', '1080', '0050290005', '00502900051', '', '2019-02-16 03:14:32', '2019-02-16 03:14:32', 1),
(695, 'HD ร้อนมัว ตราว่าววงเดือน 4.5x7', 15, 24, 27, '1955', '78', '2250', '0050270039', '00502700391', '', '2019-02-16 03:21:56', '2019-02-16 03:21:56', 1),
(696, 'HD ร้อนมัว ตราว่าววงเดือน 5x8', 15, 24, 27, '1955', '78', '2250', '0050270040', '00502700401', '', '2019-02-16 03:22:07', '2019-02-16 03:22:07', 1),
(697, 'HD ร้อนมัว ตราว่าววงเดือน 6x9', 15, 24, 27, '1955', '78', '2250', '0050270041', '00502700411', '', '2019-02-16 03:22:13', '2019-02-16 03:22:13', 1),
(698, 'HD ร้อนมัว ตราว่าววงเดือน 7x11', 15, 24, 27, '1955', '78', '2250', '0050270042', '00502700421', '', '2019-02-16 03:22:25', '2019-02-16 03:22:25', 1),
(699, 'ใบตอง HD 8x8 ', 14, 24, 28, '1775', '70', '2100', '0040280001', '00402800011', '', '2019-02-16 03:49:49', '2019-02-16 03:49:49', 1),
(700, 'ใบตอง HD 10x10', 14, 24, 28, '1775', '70', '2100', '0040280002', '00402800021', '', '2019-02-16 03:50:01', '2019-02-16 03:50:01', 1),
(701, 'ใบตอง HD 12x12', 14, 24, 28, '1775', '70', '2100', '0040280003', '00402800031', '', '2019-02-16 03:50:10', '2019-02-16 03:50:10', 1),
(702, 'ถุงหิ้ว 6x11 หีมขาว', 14, 24, 15, '1265', '52', '1560', '0040280004', '00402800041', '', '2019-02-16 04:38:44', '2019-02-16 05:26:38', 1),
(703, 'ถุงหิ้ว 8x16 หีมขาว', 14, 24, 15, '1265', '52', '1560', '0040280005', '00402800051', '', '2019-02-16 04:39:04', '2019-02-16 05:26:48', 1),
(704, 'ถุงหิ้ว 9x18 หีมขาว', 14, 24, 15, '1265', '52', '1560', '0040280006', '00402800061', '', '2019-02-16 04:39:12', '2019-02-16 05:26:56', 1),
(705, 'ถุงหิ้ว 12x20 หีมขาว', 14, 24, 15, '1265', '52', '1560', '0040280007', '00402800071', '', '2019-02-16 04:39:23', '2019-02-16 05:27:04', 1),
(706, 'ถุงหิ้ว 12x26 หีมขาวหนา', 14, 24, 15, '1265', '52', '1560', '0040280008', '00402800081', '', '2019-02-16 04:39:42', '2019-02-16 05:27:11', 1),
(707, 'ถุงหิ้ว 15x30 หีมขาวหนา', 14, 24, 15, '1265', '52', '1560', '0040280009', '00402800091', '', '2019-02-16 04:39:53', '2019-02-16 05:27:25', 1),
(708, 'ถุงหิ้ว 6x14 มังกรหนาC', 14, 24, 15, '1265', '52', '1560', '0040280010', '00402800101', '', '2019-02-16 04:41:02', '2019-02-16 05:25:44', 1),
(709, 'ถุงหิ้ว 8x16 มังกรหนาC', 14, 24, 15, '1265', '52', '1560', '0040280011', '00402800111', '', '2019-02-16 04:41:10', '2019-02-16 05:25:53', 1),
(710, 'ถุงหิ้ว 9x18 มังกรหนาC', 14, 24, 15, '1265', '52', '1560', '0040280012', '00402800121', '', '2019-02-16 04:41:16', '2019-02-16 05:26:00', 1),
(711, 'ถุงหิ้ว 12x20 มังกรหนาC', 14, 24, 15, '1265', '52', '1560', '0040280013', '00402800131', '', '2019-02-16 04:41:24', '2019-02-16 05:26:07', 1),
(712, 'ถุงหิ้ว 6x11 หีมดี', 14, 24, 15, '1385', '54', '1620', '0040150001', '00401500011', '', '2019-02-16 05:30:09', '2019-02-16 05:30:09', 1),
(713, 'ถุงหิ้ว 6x14 หีมดี', 14, 24, 15, '1385', '54', '1620', '0040150002', '00401500021', '', '2019-02-16 05:30:15', '2019-02-16 05:30:15', 1),
(714, 'ถุงหิ้ว 8x16 หีมดี', 14, 24, 15, '1385', '54', '1620', '0040150003', '00401500031', '', '2019-02-16 05:30:26', '2019-02-16 05:30:26', 1),
(715, 'ถุงหิ้ว 9x18 หีมดี', 14, 24, 15, '1385', '54', '1620', '0040150004', '00401500041', '', '2019-02-16 05:30:35', '2019-02-16 05:30:35', 1),
(716, 'ถุงหิ้ว 12x20 หีมดี', 14, 24, 15, '1385', '54', '1620', '0040150005', '00401500051', '', '2019-02-16 05:30:46', '2019-02-16 05:30:46', 1),
(717, 'ถุงหิ้ว 6x14 มังกรหนาAA', 14, 24, 15, '1655', '64', '1920', '0040150006', '00401500061', '', '2019-02-16 05:34:38', '2019-02-16 05:34:38', 1),
(718, 'ถุงหิ้ว 8x16 มังกรหนาAA', 14, 24, 15, '1655', '64', '1920', '0040150007', '00401500071', '', '2019-02-16 05:34:45', '2019-02-16 05:34:45', 1),
(719, 'ถุงหิ้ว 9x18 มังกรหนาAA', 14, 24, 15, '1655', '64', '1920', '0040150008', '00401500081', '', '2019-02-16 05:34:52', '2019-02-16 05:34:52', 1),
(720, 'ถุงหิ้ว 12x20 มังกรหนาAA', 14, 24, 15, '1655', '64', '1920', '0040150009', '00401500091', '', '2019-02-16 05:35:00', '2019-02-16 05:35:00', 1),
(721, 'ถุงหิ้ว 6x11 มังกรบางAA', 14, 24, 15, '1655', '64', '1920', '0040150010', '00401500101', '', '2019-02-16 05:35:22', '2019-02-16 05:35:22', 1),
(722, 'ถุงหิ้ว 6x14 มังกรบางAA', 14, 24, 15, '1655', '64', '1920', '0040150011', '00401500111', '', '2019-02-16 05:35:27', '2019-02-16 05:35:27', 1),
(723, 'ถุงหิ้ว 8x16 มังกรบางAA', 14, 24, 15, '1655', '64', '1920', '0040150012', '00401500121', '', '2019-02-16 05:35:32', '2019-02-16 05:35:32', 1),
(724, 'ถุงหิ้ว 9x18 มังกรบางAA', 14, 24, 15, '1655', '64', '1920', '0040150013', '00401500131', '', '2019-02-16 05:35:39', '2019-02-16 05:35:39', 1),
(725, 'ถุงหิ้ว 12x20 มังกรบางAA', 14, 24, 15, '1655', '64', '1920', '0040150014', '00401500141', '', '2019-02-16 05:35:44', '2019-02-16 05:35:44', 1),
(726, 'ถุงหิ้ว 12x26 แมวหนาAA', 14, 24, 15, '1655', '64', '1920', '0040150015', '00401500151', '', '2019-02-16 05:36:28', '2019-02-16 05:36:28', 1),
(727, 'ถุงหิ้ว 15x30 แมวหนาAA', 14, 24, 15, '1655', '64', '1920', '0040150016', '00401500161', '', '2019-02-16 05:36:36', '2019-02-16 05:36:36', 1),
(728, 'ถุงขยะขาว 12x20', 14, 24, 15, '1675', '60', '2400', '0040150017', '00401500171', '', '2019-02-16 05:41:51', '2019-02-16 05:41:51', 1),
(729, 'ถุงขยะขาว 12x20', 14, 24, 15, '1675', '60', '2400', '0040150018', '00401500181', '', '2019-02-16 07:10:23', '2019-02-16 07:10:35', 0),
(730, 'ชามพลาสติกCPW 45', 13, 21, 5, '1135', '70', '1260', '0030050001', '00300500011', '', '2019-02-16 09:45:27', '2019-02-18 03:25:14', 1),
(731, 'ชามพลาสติกCPW 57', 13, 21, 5, '1285', '40', '1600', '0030050002', '00300500021', '', '2019-02-18 03:24:48', '2019-02-18 03:25:24', 1),
(732, 'ชามพลาสติกCPW 52', 13, 21, 5, '1285', '65', '1560', '0030050003', '00300500031', '', '2019-02-18 03:26:04', '2019-02-18 03:26:04', 1),
(733, 'ถ้วย 700cc (24oz) CPW', 13, 21, 1, '1045', '65', '1300', '0030010001', '00300100011', '', '2019-02-18 04:29:35', '2019-02-18 04:29:35', 1),
(734, 'ถ้วย 10 oz CPW', 13, 21, 1, '255', '15', '280', '0030010002', '00300100021', '', '2019-02-18 04:50:19', '2019-02-18 04:50:19', 1),
(735, 'ถ้วย 12 oz CPW', 13, 21, 1, '265', '15', '290', '0030010003', '00300100031', '', '2019-02-18 04:50:54', '2019-02-18 04:51:26', 1),
(736, 'ถ้วย 14 oz CPW', 13, 21, 1, '685', '39', '760', '0030010004', '00300100041', '', '2019-02-18 05:25:32', '2019-02-18 05:25:32', 1),
(737, 'ถ้วย 16oz ลอน95 CPW', 13, 21, 1, '835', '45', '880', '0030010005', '00300100051', '', '2019-02-18 05:28:00', '2019-02-18 05:28:00', 1),
(738, 'ถ้วย 16oz เรียบใส 95 CPW', 13, 21, 1, '700', '40', '800', '0030010006', '00300100061', '', '2019-02-18 05:48:23', '2019-02-18 05:48:23', 1),
(739, 'ถ้วย 16oz เรียบใส 90 CPW', 13, 21, 1, '581', '40', '750', '0030010007', '00300100071', '', '2019-02-18 05:57:25', '2019-02-18 05:57:25', 1),
(740, 'ถ้วย 18oz เรียบใส 90 CPW', 13, 21, 1, '672', '40', '750', '0030010008', '00300100081', '', '2019-02-18 06:03:30', '2019-02-18 06:03:30', 1),
(741, 'ถ้วย 20oz เรียบใส 90 CPW', 13, 21, 1, '681', '40', '750', '0030010009', '00300100091', '', '2019-02-18 06:07:06', '2019-02-18 06:07:06', 1),
(742, 'ถ้วย 22oz เรียบใส 95 CPW', 13, 21, 1, '681', '40', '750', '0030010010', '00300100101', '', '2019-02-18 06:07:48', '2019-02-18 06:07:48', 1),
(743, 'ถ้วย 32oz เรียบใส 116 CPW', 13, 21, 1, '1045', '65', '1280', '0030010011', '00300100111', '', '2019-02-18 06:10:28', '2019-03-04 08:34:24', 1),
(744, 'ถ้วย 32oz เรียบลาย 116 CPW', 13, 21, 1, '1045', '70', '1380', '0030010012', '00300100121', '', '2019-02-18 06:21:12', '2019-02-18 06:21:12', 1),
(745, 'ถ้วย 32oz เรียบลาย 116 CPW', 13, 21, 1, '1045', '70', '1380', '0030010013', '00300100131', '', '2019-02-18 06:34:51', '2019-02-18 06:35:27', 0),
(746, 'ถ้วย 22oz เรียบลาย 95 CPW', 13, 21, 1, '772', '45', '850', '0030010014', '00300100141', '', '2019-02-18 06:38:15', '2019-02-18 06:38:15', 1),
(747, 'ถ้วย 20oz เรียบลาย 90 CPW', 13, 21, 1, '772', '45', '850', '0030010015', '00300100151', '', '2019-02-18 06:38:40', '2019-02-18 06:38:40', 1),
(748, 'ถ้วย 18oz ลอนใส 90 CPW', 13, 21, 1, '581', '38', '720', '0030010016', '00300100161', '', '2019-02-18 06:58:09', '2019-02-18 06:58:09', 1),
(749, 'ถ้วย 20oz ลอนใส 90 CPW', 13, 21, 1, '590', '38', '720', '0030010017', '00300100171', '', '2019-02-18 06:58:42', '2019-02-18 06:58:42', 1),
(750, 'ถ้วย 22oz ลอนใส 95 CPW', 13, 21, 1, '590', '38', '720', '0030010018', '00300100181', '', '2019-02-18 06:58:55', '2019-02-18 06:58:55', 1),
(751, 'ถ้วย 22oz ลอนลาย 95 CPW', 13, 21, 1, '681', '42', '750', '0030010019', '00300100191', '', '2019-02-18 06:59:49', '2019-02-18 07:10:20', 1),
(752, 'ฝาโดม 95 3A', 13, 21, 4, '585', '35', '680', '0030040001', '00300400011', '', '2019-02-18 08:11:16', '2019-02-18 08:11:16', 1),
(753, 'ฝาโดม 116 3A', 13, 21, 4, '435', '35', '660', '0030040002', '00300400021', '', '2019-02-19 05:01:32', '2019-02-19 05:01:32', 1),
(754, 'ฝาโดม 90 3A', 13, 21, 4, '585', '20', '680', '0030040003', '00300400031', '', '2019-02-19 05:14:49', '2019-02-19 05:14:49', 1),
(755, 'ฝาเรียบ 90 SUPER', 13, 21, 4, '260', '20', '340', '0030040004', '00300400041', '', '2019-02-19 05:17:38', '2019-02-19 05:17:38', 1),
(756, 'ถ้วยชิม 4 oz ขาว', 13, 21, 6, '1135', '0', '0', '0030060001', '00300600011', '', '2019-02-19 05:27:49', '2019-02-19 05:27:49', 1),
(757, 'ถ้วย 130cc CPW', 13, 21, 6, '715', '45', '880', '0030060002', '00300600021', '', '2019-02-19 05:35:45', '2019-02-19 05:35:45', 1),
(758, 'ถ้วย 160cc CPW', 13, 21, 6, '1055', '45', '1300', '0030060003', '00300600031', '', '2019-02-19 05:36:43', '2019-02-19 05:36:43', 1),
(759, 'ถ้วย 260cc 90 CPW', 13, 21, 6, '715', '45', '850', '0030060004', '00300600041', '', '2019-02-19 05:37:32', '2019-02-19 05:37:32', 1),
(760, 'ถ้วย 260cc 95 CPW', 13, 21, 6, '715', '45', '850', '0030060005', '00300600051', '', '2019-02-19 05:37:39', '2019-02-19 05:37:39', 1),
(761, 'ถ้วย 320cc CPW', 13, 21, 6, '965', '55', '1050', '0030060006', '00300600061', '', '2019-02-19 05:38:34', '2019-02-19 05:38:34', 1),
(762, 'ถ้วย 390cc (H) CPW', 13, 21, 6, '995', '55', '1050', '0030060007', '00300600071', '', '2019-02-19 05:39:29', '2019-02-19 05:39:29', 1),
(763, 'ถ้วย 390cc (S) CPW', 13, 21, 6, '995', '55', '1050', '0030060008', '00300600081', '', '2019-02-19 05:39:36', '2019-02-19 05:39:36', 1),
(764, 'ถ้วย 520cc CPW', 13, 21, 6, '1185', '70', '1350', '0030060009', '00300600091', '', '2019-02-19 05:40:29', '2019-02-19 05:40:29', 1),
(765, 'ถ้วย 750cc CPW', 13, 21, 6, '935', '95', '1100', '0030060010', '00300600101', '', '2019-02-19 05:43:53', '2019-02-19 05:43:53', 1),
(766, 'ถ้วย 780cc CPW', 13, 21, 6, '1015', '98', '1140', '0030060011', '00300600111', '', '2019-02-19 05:45:18', '2019-02-19 05:46:13', 1),
(767, 'ถ้วย 850cc CPW', 13, 21, 6, '1025', '100', '1180', '0030060012', '00300600121', '', '2019-02-19 05:45:55', '2019-02-19 05:45:55', 1),
(768, 'ถ้วยกระดาษ 6.5 oz CPW', 13, 21, 6, '1065', '30', '1150', '0030060013', '00300600131', '', '2019-02-19 06:15:56', '2019-02-19 06:35:15', 1),
(769, 'ถ้วยกระดาษ 8.5 oz CPW', 13, 21, 6, '775', '45', '860', '0030060014', '00300600141', '', '2019-02-19 06:16:48', '2019-02-19 06:35:23', 1),
(770, 'ถ้วยกระดาษ 12 oz CPW', 13, 21, 6, '805', '45', '880', '0030060015', '00300600151', '', '2019-02-19 06:29:18', '2019-02-19 06:35:32', 1),
(771, 'ถ้วยกระดาษ 16 oz ขาว CPW', 13, 21, 6, '995', '58', '1120', '0030060016', '00300600161', '', '2019-02-19 06:40:26', '2019-02-19 06:41:19', 1),
(772, 'ถ้วยกระดาษ 16ลาย oz CPW', 13, 21, 6, '995', '58', '1120', '0030060017', '00300600171', '', '2019-02-19 06:40:56', '2019-02-19 06:40:56', 1),
(773, 'ถ้วยกระดาษ 22ลาย oz CPW', 13, 21, 6, '995', '58', '1120', '0030060018', '00300600181', '', '2019-02-19 06:41:00', '2019-02-19 06:41:00', 1),
(774, 'ถ้วยกระดาษ 22ขาว oz CPW', 13, 21, 6, '995', '58', '1120', '0030060019', '00300600191', '', '2019-02-19 06:41:06', '2019-02-19 06:41:06', 1),
(775, 'ถ้วย DW 8oz ขาว + ฝา', 13, 21, 1, '1335', '85', '1660', '0030010020', '00300100201', '', '2019-02-21 03:33:23', '2019-02-21 03:33:23', 1),
(776, 'ถ้วย DW 8oz ลาย + ฝา', 13, 21, 1, '1335', '85', '1660', '0030010021', '00300100211', '', '2019-02-21 03:33:34', '2019-02-21 03:33:34', 1),
(777, 'ถุงเย็น PE 4x6', 17, 24, 46, '1925', '80', '2280', '0070410001', '00704100011', '', '2019-02-21 04:34:14', '2019-02-21 04:34:14', 1),
(778, 'ถุงเย็น PE 4x7', 17, 24, 46, '1925', '80', '2280', '0070410002', '00704100021', '', '2019-02-21 04:34:18', '2019-02-21 04:34:18', 1),
(779, 'ถุงเย็น PE 4x8', 17, 24, 46, '1925', '80', '2280', '0070410003', '00704100031', '', '2019-02-21 04:34:27', '2019-02-21 04:34:27', 1),
(780, 'ถุงเย็น PE 5x8', 17, 24, 46, '1925', '80', '2280', '0070410004', '00704100041', '', '2019-02-21 04:34:32', '2019-02-21 04:34:32', 1),
(781, 'ถุงเย็น PE 6x9', 17, 24, 46, '1925', '80', '2280', '0070410005', '00704100051', '', '2019-02-21 04:34:42', '2019-02-21 04:34:42', 1),
(782, 'ถุงเย็น PE 7x11', 17, 24, 46, '1925', '80', '2280', '0070410006', '00704100061', '', '2019-02-21 04:34:48', '2019-02-21 04:34:48', 1),
(783, 'ถุงเย็น PE 7x12', 17, 24, 46, '1925', '80', '2280', '0070410007', '00704100071', '', '2019-02-21 04:34:50', '2019-02-21 04:34:50', 1),
(784, 'ถุงเย็น PE 8x12', 17, 24, 46, '1925', '80', '2280', '0070410008', '00704100081', '', '2019-02-21 04:34:54', '2019-02-21 04:34:54', 1),
(785, 'ถุงเย็น PE 8x14', 17, 24, 46, '1925', '80', '2280', '0070410009', '00704100091', '', '2019-02-21 04:34:57', '2019-02-21 04:34:57', 1),
(786, 'ถุงเย็น PE 8x14', 17, 24, 46, '1925', '80', '2280', '0070410010', '00704100101', '', '2019-02-21 04:35:36', '2019-02-21 04:36:48', 0),
(787, 'ถุงเย็น PE 8x14', 17, 24, 46, '1925', '80', '2280', '0070410011', '00704100111', '', '2019-02-21 04:35:42', '2019-02-21 04:36:54', 0),
(788, 'ถุงเย็น PE 9x14', 17, 24, 46, '1925', '80', '2280', '0070410012', '00704100121', '', '2019-02-21 04:35:50', '2019-02-21 04:35:50', 1),
(789, 'ถุงเย็น PE 9x16', 17, 24, 46, '1925', '80', '2280', '0070410013', '00704100131', '', '2019-02-21 04:35:55', '2019-02-21 04:35:55', 1),
(790, 'ถุงเย็น PE 10x16', 17, 24, 46, '1925', '80', '2280', '0070410014', '00704100141', '', '2019-02-21 04:36:06', '2019-02-21 04:36:06', 1),
(791, 'ถุงเย็น PE 12x18', 17, 24, 46, '1925', '80', '2280', '0070410015', '00704100151', '', '2019-02-21 04:36:13', '2019-02-21 04:36:13', 1),
(792, 'ถุงเย็น PE 14x22', 17, 24, 46, '1925', '80', '2280', '0070410016', '00704100161', '', '2019-02-21 04:36:19', '2019-02-21 04:36:19', 1),
(793, 'ถุงเย็น PE 16x26', 17, 24, 46, '1925', '80', '2280', '0070410017', '00704100171', '', '2019-02-21 04:36:24', '2019-02-21 04:36:24', 1),
(794, 'ถุงเย็น PE 20x30', 17, 24, 46, '1925', '80', '2280', '0070410018', '00704100181', '', '2019-02-21 04:36:36', '2019-02-21 04:36:36', 1),
(795, 'ถุงเย็น PE 20x30', 17, 24, 46, '1925', '80', '2280', '0070410019', '00704100191', '', '2019-02-21 04:37:13', '2019-02-21 04:37:27', 0),
(796, 'กล่องชานอ้อย B001 600ml ', 19, 21, 16, '1880', '100', '1960', '0090160001', '00901600011', '', '2019-02-21 04:55:39', '2019-02-21 04:55:39', 1),
(797, 'กล่องชานอ้อย B004 450ml ', 19, 21, 16, '1640', '95', '1860', '0090160002', '00901600021', '', '2019-02-21 04:56:41', '2019-02-25 04:31:48', 0),
(798, 'กล่องชานอ้อย B004 450ml ', 19, 21, 16, '1640', '95', '1860', '0090160003', '00901600031', '', '2019-02-21 05:10:42', '2019-02-21 05:10:42', 1),
(799, 'กล่องชานอ้อย B002 1000ml 2ช่อง', 19, 21, 16, '2220', '270', '2680', '0090160004', '00901600041', '', '2019-02-21 05:12:35', '2019-02-21 05:14:03', 1),
(800, 'กล่องชานอ้อย B024 1000ml ', 19, 21, 16, '2510', '270', '2680', '0090160005', '00901600051', '', '2019-02-21 05:13:48', '2019-02-21 05:13:48', 1),
(801, 'ชามชานอ้อย L026 350 ml ', 19, 21, 16, '1200', '68', '1320', '0090160006', '00901600061', '', '2019-02-21 06:24:14', '2019-02-21 06:24:14', 1),
(802, 'ชามชานอ้อย L001 500 ml ', 19, 21, 16, '1440', '80', '1560', '0090160007', '00901600071', '', '2019-02-21 06:24:48', '2019-02-21 06:24:48', 1),
(803, 'ชามชานอ้อย L038 875 ml ', 19, 21, 16, '1640', '92', '1800', '0090160008', '00901600081', '', '2019-02-21 06:25:26', '2019-02-21 06:25:26', 1),
(804, 'ชามชานอ้อย L010 460 ml ', 19, 21, 16, '1280', '80', '1560', '0090160009', '00901600091', '', '2019-02-21 06:37:33', '2019-02-21 06:37:33', 1),
(805, 'ชามชานอ้อย L006 680 ml ', 19, 21, 16, '1520', '85', '1660', '0090160010', '00901600101', '', '2019-02-21 06:38:42', '2019-02-21 06:38:42', 1),
(806, 'จานชาน', 11, 21, 1, '0', '0', '0', '0010010054', '00100100541', '', '2019-02-25 05:14:31', '2019-02-25 05:14:52', 0),
(807, 'จานชานอ้อย 10\" P005', 19, 21, 16, '2180', '120', '2300', '0090160011', '00901600111', '', '2019-02-25 05:16:40', '2019-02-25 05:37:07', 1),
(808, 'จานชานอ้อย 8\"P008', 19, 21, 16, '1460', '82', '1580', '0090160012', '00901600121', '', '2019-02-25 05:17:14', '2019-02-25 05:37:28', 1),
(809, 'จานชานอ้อย 7\"P011', 19, 21, 16, '1160', '70', '1300', '0090160013', '00901600131', '', '2019-02-25 05:17:55', '2019-02-25 05:38:18', 1),
(810, 'จานชานอ้อย 9\" p013', 19, 21, 16, '1620', '100', '1900', '0090160014', '00901600141', '', '2019-02-25 05:18:57', '2019-02-25 05:38:39', 1),
(811, 'จานชานอ้อย 10P007 3ช่อง', 19, 21, 16, '2180', '120', '2300', '0090160015', '00901600151', '', '2019-02-25 05:20:29', '2019-02-25 05:39:37', 1),
(812, 'จานชานอ้อย สี่เหี่ยม 6.5\" P009 ', 19, 21, 16, '73', '82', '1600', '0090160016', '00901600161', '', '2019-02-25 05:22:02', '2019-02-25 05:22:02', 1),
(813, 'ช้อนพลาสติกขาว', 21, 21, 8, '325', '40', '380', '0110080001', '01100800011', '', '2019-02-25 06:07:15', '2019-02-25 06:07:15', 1),
(814, 'ส้อมพลาสติกขาว', 21, 21, 8, '325', '40', '380', '0110080002', '01100800021', '', '2019-02-25 06:07:44', '2019-02-25 06:07:44', 1),
(815, 'ส้อมพลาสติกใส', 21, 21, 8, '325', '40', '380', '0110080003', '01100800031', '', '2019-02-25 08:18:24', '2019-02-25 08:18:24', 1),
(816, 'ช้อนพลาสติกใส', 21, 21, 8, '325', '40', '380', '0110080004', '01100800041', '', '2019-02-25 08:18:31', '2019-02-25 08:18:31', 1),
(817, 'กระปก 135', 21, 27, 47, '170', '200', '200', '0110420001', '01104200011', '', '2019-02-25 08:24:23', '2019-02-25 08:24:23', 1),
(818, 'กระปุกกลมฝาแดง 77', 21, 27, 47, '78', '90', '540', '0110420002', '01104200021', '', '2019-02-27 03:37:43', '2019-02-27 03:37:43', 1),
(819, 'กระปุกกลมใส 109', 21, 27, 47, '1043', '1260', '1260', '0110420003', '01104200031', '', '2019-02-27 03:43:14', '2019-02-27 03:43:14', 1),
(820, 'กระปุกกลมใส 65', 21, 27, 47, '640', '760', '760', '0110420004', '01104200041', '', '2019-02-27 03:48:37', '2019-02-27 03:48:37', 1),
(821, 'กระปุกกลมใส 65', 21, 27, 47, '640', '760', '760', '0110420005', '01104200051', '', '2019-02-27 04:03:04', '2019-02-27 04:03:04', 1),
(822, 'ขวดPETหยดน้ำ 140cc', 22, 23, 35, '260', '300', '300', '0120350001', '01203500011', '', '2019-02-27 05:04:59', '2019-02-27 05:04:59', 1),
(823, 'ขวดPETหยดน้ำ 250cc', 22, 23, 35, '280', '320', '320', '0120350002', '01203500021', '', '2019-02-27 05:06:12', '2019-02-27 05:06:12', 1),
(824, 'ขวดPETเหลี่ยม 160cc', 22, 23, 35, '260', '300', '300', '0120350003', '01203500031', '', '2019-02-27 05:17:26', '2019-02-27 05:17:26', 1),
(825, 'ขวดPETเหลี่ยม 180cc', 22, 23, 35, '260', '300', '300', '0120350004', '01203500041', '', '2019-02-27 05:17:34', '2019-02-27 05:17:34', 1),
(826, 'ขวดPETเหลี่ยม 200cc', 22, 23, 35, '280', '320', '320', '0120350005', '01203500051', '', '2019-02-27 05:18:09', '2019-02-27 05:18:09', 1),
(827, 'ขวดPETเหลี่ยม 220cc', 22, 23, 35, '280', '320', '320', '0120350006', '01203500061', '', '2019-02-27 05:18:13', '2019-02-27 05:18:13', 1),
(828, 'ขวดPETเหลี่ยม 250cc', 22, 23, 35, '280', '320', '320', '0120350007', '01203500071', '', '2019-02-27 05:18:16', '2019-02-27 05:18:16', 1),
(829, 'ขวดPETเหลี่ยม 300cc', 22, 23, 35, '280', '320', '320', '0120350008', '01203500081', '', '2019-02-27 05:18:43', '2019-02-27 05:18:43', 1),
(830, 'ขวดPETเหลี่ยม 500cc', 22, 23, 35, '280', '320', '320', '0120350009', '01203500091', '', '2019-02-27 05:19:12', '2019-02-27 05:19:12', 1),
(831, 'ขวดPETรังนก 150cc', 22, 23, 35, '260', '300', '300', '0120350010', '01203500101', '', '2019-02-27 05:25:06', '2019-02-27 05:25:06', 1),
(832, 'ขวดPETกลมตัด 150cc', 22, 23, 35, '260', '300', '300', '0120350011', '01203500111', '', '2019-02-27 05:54:40', '2019-02-27 05:54:40', 1),
(833, 'ขวดPETเหลี่ยมเรียบ 150cc', 22, 23, 35, '260', '300', '300', '0120350012', '01203500121', '', '2019-02-27 05:55:41', '2019-02-27 05:55:41', 1),
(834, 'แก้วเจเล่', 22, 21, 35, '340', '500', '500', '0120350013', '01203500131', '', '2019-02-28 05:14:52', '2019-02-28 05:14:52', 1),
(835, 'ขวดPP 180cc', 22, 23, 35, '200', '235', '235', '0120350014', '01203500141', '', '2019-02-28 05:41:39', '2019-02-28 05:41:39', 1),
(836, 'ขวดPP 190cc', 22, 23, 35, '200', '235', '235', '0120350015', '01203500151', '', '2019-02-28 05:41:46', '2019-02-28 05:41:46', 1),
(837, 'ขวดPP 200cc', 22, 23, 35, '210', '235', '235', '0120350016', '01203500161', '', '2019-02-28 05:42:41', '2019-02-28 05:42:41', 1),
(838, 'ขวดPP 250cc', 22, 23, 35, '210', '245', '245', '0120350017', '01203500171', '', '2019-02-28 05:43:18', '2019-02-28 05:43:18', 1),
(839, 'ขวดPP 220cc', 22, 23, 35, '210', '245', '245', '0120350018', '01203500181', '', '2019-02-28 05:43:32', '2019-02-28 05:43:32', 1),
(840, 'ขวดPP 220cc', 23, 21, 32, '220', '240', '240', '0130320001', '01303200011', '', '2019-02-28 05:59:09', '2019-02-28 05:59:09', 1),
(841, 'ถุงหิ้วแอ๊บเปิ้ลส้ม 6x11', 24, 24, 15, '1835', '74', '2040', '0140150001', '01401500011', '', '2019-02-28 07:05:59', '2019-02-28 07:05:59', 1),
(842, 'ถุงหิ้วแอ๊บเปิ้ลส้ม 6x14', 24, 24, 15, '1835', '74', '2040', '0140150002', '01401500021', '', '2019-02-28 07:06:07', '2019-02-28 07:06:07', 1),
(843, 'ถุงหิ้วแอ๊บเปิ้ลส้ม 8x16', 24, 24, 15, '1835', '74', '2040', '0140150003', '01401500031', '', '2019-02-28 07:06:14', '2019-02-28 07:06:14', 1),
(844, 'ถุงหิ้วแอ๊บเปิ้ลส้ม 9x18', 24, 24, 15, '1835', '74', '2040', '0140150004', '01401500041', '', '2019-02-28 07:06:18', '2019-02-28 07:06:18', 1),
(845, 'ถุงหิ้วแอ๊บเปิ้ลส้ม 12x20', 24, 24, 15, '1835', '74', '2040', '0140150005', '01401500051', '', '2019-02-28 07:06:26', '2019-02-28 07:06:26', 1),
(846, 'ถุงหิ้วแอ๊บเปิ้ลม้วง 6x11', 24, 24, 15, '2045', '78', '2160', '0140150006', '01401500061', '', '2019-02-28 07:08:25', '2019-02-28 07:08:25', 1),
(847, 'ถุงหิ้วแอ๊บเปิ้ลม้วง 6x14', 24, 24, 15, '2045', '78', '2160', '0140150007', '01401500071', '', '2019-02-28 07:08:32', '2019-02-28 07:08:32', 1),
(848, 'ถุงหิ้วแอ๊บเปิ้ลม้วง 8x16', 24, 24, 15, '2045', '78', '2160', '0140150008', '01401500081', '', '2019-02-28 07:08:39', '2019-02-28 07:08:39', 1),
(849, 'ถุงหิ้วแอ๊บเปิ้ลม้วง 9x18', 24, 24, 15, '2045', '78', '2160', '0140150009', '01401500091', '', '2019-02-28 07:08:44', '2019-02-28 07:08:44', 1),
(850, 'ถุงหิ้วแอ๊บเปิ้ลม้วง 12x20', 24, 24, 15, '2045', '78', '2160', '0140150010', '01401500101', '', '2019-02-28 07:08:48', '2019-02-28 07:08:48', 1),
(851, 'ถุงหิ้วแอ๊บเปิ้ลม้วง 12x26', 24, 24, 15, '2045', '78', '2160', '0140150011', '01401500111', '', '2019-02-28 07:08:52', '2019-02-28 07:08:52', 1),
(852, 'ถุงหิ้วแอ๊บเปิ้ลม้วง 15x30', 24, 24, 15, '2045', '78', '2160', '0140150012', '01401500121', '', '2019-02-28 07:08:56', '2019-02-28 07:08:56', 1),
(853, 'ถุงหิ้วแอ๊บเปิ้ลเขียว 6x11', 24, 24, 15, '2195', '82', '2340', '0140150013', '01401500131', '', '2019-02-28 07:10:02', '2019-02-28 07:10:02', 1),
(854, 'ถุงหิ้วแอ๊บเปิ้ลเขียว 6x14', 24, 24, 15, '2195', '82', '2340', '0140150014', '01401500141', '', '2019-02-28 07:10:07', '2019-02-28 07:10:07', 1),
(855, 'ถุงหิ้วแอ๊บเปิ้ลเขียว 8x16', 24, 24, 15, '2195', '82', '2340', '0140150015', '01401500151', '', '2019-02-28 07:10:14', '2019-02-28 07:10:14', 1),
(856, 'ถุงหิ้วแอ๊บเปิ้ลเขียว 9x18', 24, 24, 15, '2195', '82', '2340', '0140150016', '01401500161', '', '2019-02-28 07:10:21', '2019-02-28 07:10:21', 1),
(857, 'ถุงหิ้วแอ๊บเปิ้ลเขียว 12x20', 24, 24, 15, '2195', '82', '2340', '0140150017', '01401500171', '', '2019-02-28 07:10:26', '2019-02-28 07:10:26', 1),
(858, 'ฝาโดม (เล็ก) YYE 95', 29, 21, 4, '615', '40', '750', '0190040001', '01900400011', '', '2019-02-28 08:38:11', '2019-02-28 08:38:11', 1),
(859, 'ฝาโดม (เล็ก) YYE 90', 29, 21, 4, '615', '20', '750', '0190040002', '01900400021', '', '2019-02-28 08:38:30', '2019-02-28 08:38:30', 1),
(860, 'ฝาโดม (ใหญ่) YYE 95', 29, 21, 4, '615', '40', '750', '0190040003', '01900400031', '', '2019-02-28 08:39:00', '2019-02-28 08:39:00', 1),
(861, 'ฝาโดม (ใหญ่) YYE 90', 29, 21, 4, '615', '40', '750', '0190040004', '01900400041', '', '2019-02-28 08:39:04', '2019-02-28 08:39:04', 1),
(862, 'ฝาโดม (ใหญ่) YYE 85', 29, 21, 4, '615', '40', '750', '0190040005', '01900400051', '', '2019-02-28 08:39:12', '2019-02-28 08:39:12', 1),
(863, 'ฝาเรียบ YYE 95', 29, 21, 4, '295', '20', '340', '0190040006', '01900400061', '', '2019-02-28 08:41:09', '2019-02-28 08:41:09', 1),
(864, 'ฝาเรียบ YYE 95', 29, 21, 4, '295', '20', '340', '0190040007', '01900400071', '', '2019-02-28 08:41:13', '2019-02-28 08:41:28', 0),
(865, 'ฝาเรียบ YYE 85', 29, 21, 4, '295', '20', '340', '0190040008', '01900400081', '', '2019-02-28 08:41:17', '2019-02-28 08:41:17', 1),
(866, 'L wrap 30cm x 36m 48ม้วน', 25, 28, 11, '560', '18', '720', '0150110001', '01501100011', '', '2019-03-04 06:04:55', '2019-03-04 06:04:55', 1),
(867, 'L wrap 30cm x 72m 48ม้วน', 25, 28, 11, '1344', '36', '1520', '0150110002', '01501100021', '', '2019-03-04 06:06:24', '2019-03-04 06:06:24', 1),
(868, ' L wrap 8\" 20cm x 600m 8ม้วน', 25, 28, 11, '1168', '160', '1240', '0150110003', '01501100031', '', '2019-03-04 08:49:34', '2019-03-04 08:49:34', 1),
(869, ' L wrap 10\" 25cm x 600m 6ม้วน', 25, 28, 11, '1098', '200', '1170', '0150110004', '01501100041', '', '2019-03-04 08:52:58', '2019-03-04 08:52:58', 1),
(870, ' L wrap 12\" 30cm x 600m 6ม้วน', 25, 28, 11, '1314', '250', '1470', '0150110005', '01501100051', '', '2019-03-04 09:04:24', '2019-03-04 09:04:24', 1),
(871, ' L wrap 14\" 35cm x 600m 6ม้วน', 25, 28, 11, '1530', '280', '1650', '0150110006', '01501100061', '', '2019-03-04 09:06:09', '2019-03-04 09:06:09', 1),
(872, ' L wrap 14\" 35cm x 600m 6ม้วน', 25, 28, 11, '1530', '280', '1650', '0150110007', '01501100071', '', '2019-03-04 09:42:12', '2019-03-04 09:56:53', 0),
(873, ' L wrap 16\" 35cm x 600m 6ม้วน', 25, 28, 11, '1164', '325', '1280', '0150110008', '01501100081', '', '2019-03-04 09:58:12', '2019-03-04 09:58:12', 1),
(874, ' L wrap 18\" 35cm x 600m 6ม้วน', 25, 28, 11, '1308', '380', '1500', '0150110009', '01501100091', '', '2019-03-04 09:58:44', '2019-03-04 09:58:44', 1),
(875, 'ไข่มุกตราหมีแพนด้า', 27, 21, 21, '565', '110', '660', '0170210001', '01702100011', '', '2019-03-06 05:23:31', '2019-03-06 05:23:31', 1),
(876, 'น้ำบ๊วย 2 ปอนด์ตรามังกร', 27, 21, 21, '715', '110', '660', '0170210002', '01702100021', '', '2019-03-06 05:25:34', '2019-03-06 05:25:54', 0),
(877, 'น้ำบ๊วย 2 ปอนด์ตรามังกร', 27, 21, 21, '715', '75', '900', '0170210003', '01702100031', '', '2019-03-06 05:47:41', '2019-03-06 05:47:41', 1),
(878, 'วานิลาพระอาทิตย์', 27, 21, 21, '1125', '52', '1240', '0170210004', '01702100041', '', '2019-03-06 06:11:52', '2019-03-06 06:11:52', 1),
(879, 'P.P. ร้อนใส ตราว่าวจุฬา 2x4	', 33, 24, 27, '2250', '475', '2850', '0230270001', '02302700011', '', '2019-03-07 05:47:14', '2019-03-07 05:47:14', 1),
(880, 'P.P. ร้อนใส ตราว่าวจุฬา 2.5x4', 33, 24, 27, '2250', '475', '2850', '0230270002', '02302700021', '', '2019-03-07 05:47:20', '2019-03-07 05:47:20', 1),
(881, 'P.P. ร้อนใส ตราว่าวจุฬา 2x5', 33, 24, 27, '2250', '475', '2850', '0230270003', '02302700031', '', '2019-03-07 05:47:24', '2019-03-07 05:47:24', 1),
(882, 'P.P. ร้อนใส ตราว่าวจุฬา 2.5x5', 33, 24, 27, '2250', '475', '2850', '0230270004', '02302700041', '', '2019-03-07 05:47:28', '2019-03-07 05:47:28', 1),
(883, 'P.P. ร้อนใส ตราว่าวจุฬา 3x5', 33, 24, 27, '1805', '375', '2250', '0230270005', '02302700051', '', '2019-03-07 05:47:50', '2019-03-07 05:47:50', 1),
(884, 'P.P. ร้อนใส ตราว่าวจุฬา 3.5x5', 33, 24, 27, '1805', '375', '2250', '0230270006', '02302700061', '', '2019-03-07 05:47:54', '2019-03-07 05:47:54', 1),
(885, 'P.P. ร้อนใส ตราว่าวจุฬา 3.5x6', 33, 24, 27, '1805', '375', '2250', '0230270007', '02302700071', '', '2019-03-07 05:47:57', '2019-03-07 05:47:57', 1),
(886, 'P.P. ร้อนใส ตราว่าวจุฬา 4x6', 33, 24, 27, '1805', '325', '1950', '0230270008', '02302700081', '', '2019-03-07 05:48:47', '2019-03-07 05:48:47', 1),
(887, 'P.P. ร้อนใส ตราว่าวจุฬา 4x7', 33, 24, 27, '1805', '325', '1950', '0230270009', '02302700091', '', '2019-03-07 05:48:53', '2019-03-07 05:48:53', 1),
(888, 'P.P. ร้อนใส ตราว่าวจุฬา 4.5x7', 33, 24, 27, '1805', '325', '1950', '0230270010', '02302700101', '', '2019-03-07 05:49:04', '2019-03-07 05:49:04', 1),
(889, 'P.P. ร้อนใส ตราว่าวจุฬา 4x8', 33, 24, 27, '1805', '325', '1950', '0230270011', '02302700111', '', '2019-03-07 05:49:11', '2019-03-07 05:49:11', 1),
(890, 'P.P. ร้อนใส ตราว่าวจุฬา 5x7', 33, 24, 27, '1805', '325', '1950', '0230270012', '02302700121', '', '2019-03-07 05:50:00', '2019-03-07 05:50:00', 1),
(891, 'P.P. ร้อนใส ตราว่าวจุฬา 5x8', 33, 24, 27, '1805', '325', '1950', '0230270013', '02302700131', '', '2019-03-07 05:50:06', '2019-03-07 05:50:06', 1),
(892, 'P.P. ร้อนใส ตราว่าวจุฬา 5x9', 33, 24, 27, '1805', '325', '1950', '0230270014', '02302700141', '', '2019-03-07 05:50:10', '2019-03-07 05:50:10', 1),
(893, 'P.P. ร้อนใส ตราว่าวจุฬา 5x10', 33, 24, 27, '1805', '325', '1950', '0230270015', '02302700151', '', '2019-03-07 05:50:15', '2019-03-07 05:50:15', 1),
(894, 'P.P. ร้อนใส ตราว่าวจุฬา 6x8', 33, 24, 27, '1805', '325', '1950', '0230270016', '02302700161', '', '2019-03-07 05:50:18', '2019-03-07 05:50:18', 1),
(895, 'P.P. ร้อนใส ตราว่าวจุฬา 6x9', 33, 24, 27, '1805', '325', '1950', '0230270017', '02302700171', '', '2019-03-07 05:50:25', '2019-03-07 05:50:25', 1),
(896, 'P.P. ร้อนใส ตราว่าวจุฬา 6x10', 33, 24, 27, '1805', '325', '1950', '0230270018', '02302700181', '', '2019-03-07 05:50:31', '2019-03-07 05:50:31', 1),
(897, 'P.P. ร้อนใส ตราว่าวจุฬา 6x11', 33, 24, 27, '1805', '325', '1950', '0230270019', '02302700191', '', '2019-03-07 05:50:34', '2019-03-07 05:50:34', 1),
(898, 'P.P. ร้อนใส ตราว่าวจุฬา 6x12', 33, 24, 27, '1805', '325', '1950', '0230270020', '02302700201', '', '2019-03-07 05:50:37', '2019-03-07 05:50:37', 1),
(899, 'P.P. ร้อนใส ตราว่าวจุฬา 7x10', 33, 24, 27, '1805', '325', '1950', '0230270021', '02302700211', '', '2019-03-07 05:50:41', '2019-03-07 05:50:41', 1),
(900, 'P.P. ร้อนใส ตราว่าวจุฬา 7x11', 33, 24, 27, '1805', '325', '1950', '0230270022', '02302700221', '', '2019-03-07 05:50:45', '2019-03-07 05:50:45', 1),
(901, 'P.P. ร้อนใส ตราว่าวจุฬา 7x11', 33, 24, 27, '1805', '325', '1950', '0230270023', '02302700231', '', '2019-03-07 05:50:45', '2019-03-07 05:59:37', 0),
(902, 'P.P. ร้อนใส ตราว่าวจุฬา 7x12', 33, 24, 27, '1805', '325', '1950', '0230270024', '02302700241', '', '2019-03-07 05:50:51', '2019-03-07 05:50:51', 1),
(903, 'P.P. ร้อนใส ตราว่าวจุฬา 7x14', 33, 24, 27, '1805', '325', '1950', '0230270025', '02302700251', '', '2019-03-07 05:50:54', '2019-03-07 05:50:54', 1),
(904, 'P.P. ร้อนใส ตราว่าวจุฬา 8x12', 33, 24, 27, '1805', '325', '1950', '0230270026', '02302700261', '', '2019-03-07 05:50:57', '2019-03-07 05:50:57', 1),
(905, 'P.P. ร้อนใส ตราว่าวจุฬา 8x14', 33, 24, 27, '1805', '325', '1950', '0230270027', '02302700271', '', '2019-03-07 05:51:02', '2019-03-07 05:51:02', 1),
(906, 'P.P. ร้อนใส ตราว่าวจุฬา 9x14', 33, 24, 27, '1805', '325', '1950', '0230270028', '02302700281', '', '2019-03-07 05:51:05', '2019-03-07 05:51:05', 1),
(907, 'P.P. ร้อนใส ตราว่าวจุฬา 9x16', 33, 24, 27, '1805', '325', '1950', '0230270029', '02302700291', '', '2019-03-07 05:51:09', '2019-03-07 05:51:09', 1),
(908, 'P.P. ร้อนใส ตราว่าวจุฬา 10x15', 33, 24, 27, '1805', '325', '1950', '0230270030', '02302700301', '', '2019-03-07 05:51:12', '2019-03-07 05:51:12', 1);
INSERT INTO `products` (`id`, `name`, `factory_id`, `package_unit_id`, `category_id`, `buy_price`, `sell_price`, `sell_price_package`, `barcode`, `barcode_of_unit`, `description`, `date_inserted`, `date_last_update`, `status`) VALUES
(909, 'P.P. ร้อนใส ตราว่าวจุฬา 10x16', 33, 24, 27, '1805', '325', '1950', '0230270031', '02302700311', '', '2019-03-07 05:51:16', '2019-03-07 05:51:16', 1),
(910, 'P.P. ร้อนใส ตราว่าวจุฬา 11x17', 33, 24, 27, '1805', '325', '1950', '0230270032', '02302700321', '', '2019-03-07 05:51:21', '2019-03-07 05:51:21', 1),
(911, 'P.P. ร้อนใส ตราว่าวจุฬา 12x18', 33, 24, 27, '1805', '325', '1950', '0230270033', '02302700331', '', '2019-03-07 05:51:24', '2019-03-07 05:51:24', 1),
(912, 'P.P. ร้อนใส ตราว่าวจุฬา 12x20', 33, 24, 27, '1805', '325', '1950', '0230270034', '02302700341', '', '2019-03-07 05:51:27', '2019-03-07 05:51:27', 1),
(913, 'P.P. ร้อนใส ตราว่าวจุฬา 14x22', 33, 24, 27, '1805', '325', '1950', '0230270035', '02302700351', '', '2019-03-07 05:51:30', '2019-03-07 05:51:30', 1),
(914, 'P.P. ร้อนใส ตราว่าวจุฬา 14x24', 33, 24, 27, '1805', '325', '1950', '0230270036', '02302700361', '', '2019-03-07 05:51:34', '2019-03-07 05:51:34', 1),
(915, 'P.P. ร้อนใส ตราว่าวจุฬา 16x26', 33, 24, 27, '1805', '325', '1950', '0230270037', '02302700371', '', '2019-03-07 05:51:37', '2019-03-07 05:51:37', 1),
(916, 'P.P. ร้อนใส ตราว่าวจุฬา 18x28', 33, 24, 27, '1805', '325', '1950', '0230270038', '02302700381', '', '2019-03-07 05:51:42', '2019-03-07 05:51:42', 1),
(917, 'P.P. ร้อนใส ตราว่าวจุฬา 20x30', 33, 24, 27, '1805', '325', '1950', '0230270039', '02302700391', '', '2019-03-07 05:51:45', '2019-03-07 05:51:45', 1),
(918, 'ถุงหิ้ว 6x11 ตราว่าวจุฬา', 33, 24, 15, '1955', '70', '2100', '0230150001', '02301500011', '', '2019-03-07 05:58:18', '2019-03-07 05:58:18', 1),
(919, 'ถุงหิ้ว 6x14 ตราว่าวจุฬา', 33, 24, 15, '1955', '70', '2100', '0230150002', '02301500021', '', '2019-03-07 05:58:36', '2019-03-07 05:58:36', 1),
(920, 'ถุงหิ้ว 8x16 ตราว่าวจุฬา', 33, 24, 15, '1955', '70', '2100', '0230150003', '02301500031', '', '2019-03-07 05:58:47', '2019-03-07 05:58:47', 1),
(921, 'ถุงหิ้ว 9x18 ตราว่าวจุฬา', 33, 24, 15, '1955', '70', '2100', '0230150004', '02301500041', '', '2019-03-07 05:58:50', '2019-03-07 05:58:50', 1),
(922, 'ถุงหิ้ว 12x20 ตราว่าวจุฬา', 33, 24, 15, '1955', '70', '2100', '0230150005', '02301500051', '', '2019-03-07 05:58:53', '2019-03-07 05:58:53', 1),
(923, 'ถุงหิ้ว 12x26 ตราว่าวจุฬา', 33, 24, 15, '1955', '70', '2100', '0230150006', '02301500061', '', '2019-03-07 05:58:56', '2019-03-07 05:58:56', 1),
(924, 'ถุงหิ้ว 15x30 ตราว่าวจุฬา', 33, 24, 15, '1955', '70', '2100', '0230150007', '02301500071', '', '2019-03-07 05:59:04', '2019-03-07 05:59:04', 1),
(925, 'ถุงหิ้ว P.P. 6x11 ตราโทรศัพท์', 33, 24, 15, '1835', '70', '1980', '0230150008', '02301500081', '', '2019-03-07 06:04:08', '2019-03-07 06:04:08', 1),
(926, 'ถุงหิ้ว P.P. 6x14 ตราโทรศัพท์', 33, 24, 15, '1835', '70', '1980', '0230150009', '02301500091', '', '2019-03-07 06:04:25', '2019-03-07 06:04:25', 1),
(927, 'ถุงหิ้ว P.P. 8x16 ตราโทรศัพท์', 33, 24, 15, '1835', '70', '1980', '0230150010', '02301500101', '', '2019-03-07 06:04:29', '2019-03-07 06:04:29', 1),
(928, 'ถุงหิ้ว P.P. 9x18 ตราโทรศัพท์', 33, 24, 15, '1835', '70', '1980', '0230150011', '02301500111', '', '2019-03-07 06:04:33', '2019-03-07 06:04:33', 1),
(929, 'ถุงหิ้ว P.P 12x20 ตราโทรศัพท์', 33, 24, 15, '1835', '70', '1980', '0230150012', '02301500121', '', '2019-03-07 06:04:40', '2019-03-07 06:04:40', 1),
(930, 'ถุงหิ้ว P.P 12x20 ตราโทรศัพท์', 33, 24, 15, '1835', '70', '1980', '0230150013', '02301500131', '', '2019-03-07 06:18:56', '2019-03-07 06:18:56', 1),
(931, 'ถุงหิ้ว P.P 6x11 ตราว่าวจุฬา', 33, 24, 15, '2135', '80', '2340', '0230150014', '02301500141', '', '2019-03-07 06:51:13', '2019-03-07 06:51:13', 1),
(932, 'ถุงหิ้ว P.P 6x14 ตราว่าวจุฬา', 33, 24, 15, '2135', '80', '2340', '0230150015', '02301500151', '', '2019-03-07 06:51:18', '2019-03-07 06:51:18', 1),
(933, 'ถุงหิ้ว P.P 8x16 ตราว่าวจุฬา', 33, 24, 15, '2135', '80', '2340', '0230150016', '02301500161', '', '2019-03-07 06:51:24', '2019-03-07 06:51:24', 1),
(934, 'ถุงหิ้ว P.P 9x18 ตราว่าวจุฬา', 33, 24, 15, '2135', '80', '2340', '0230150017', '02301500171', '', '2019-03-07 06:51:29', '2019-03-07 06:51:29', 1),
(935, 'ถุงหิ้ว P.P 12x20 ตราว่าวจุฬา', 33, 24, 15, '2135', '80', '2340', '0230150018', '02301500181', '', '2019-03-07 06:51:36', '2019-03-07 06:51:36', 1),
(936, 'ถุงหนูนุ้ย 6x11', 36, 31, 15, '2000', '30', '2320', '0260150001', '02601500011', '', '2019-03-08 05:31:33', '2019-03-08 05:31:33', 1),
(937, 'ถุงหนูนุ้ย 6x14', 36, 31, 15, '2400', '40', '3040', '0260150002', '02601500021', '', '2019-03-08 05:32:34', '2019-03-08 05:32:34', 1),
(938, 'ถุงหนูนุ้ย 8x15', 36, 31, 15, '2400', '50', '2880', '0260150003', '02601500031', '', '2019-03-08 05:33:37', '2019-03-08 05:33:37', 1),
(939, 'ถุงหนูนุ้ย 9x18', 36, 31, 15, '2400', '40', '3040', '0260150004', '02601500041', '', '2019-03-08 05:35:08', '2019-03-08 05:35:08', 1),
(940, 'ถุงหนูนุ้ย 12x20', 36, 31, 15, '1800', '50', '1920', '0260150005', '02601500051', '', '2019-03-08 05:35:54', '2019-03-08 05:35:54', 1),
(941, 'ซองเครป 9x8\"', 37, 21, 19, '130', '35', '160', '0270190001', '02701900011', '', '2019-03-08 06:29:11', '2019-03-08 06:29:11', 1),
(942, 'กล่องกระดาษกระดิ่ง 500ml', 37, 21, 19, '1197', '80', '1400', '0270190002', '02701900021', '', '2019-03-08 07:30:10', '2019-03-08 07:30:10', 1),
(943, 'กล่องกระดาษกระดิ่ง 730ml', 37, 21, 19, '1016', '80', '1400', '0270190003', '02701900031', '', '2019-03-08 07:31:05', '2019-03-08 07:31:05', 1),
(944, 'กล่องกระดาษกระดิ่ง 1500ml', 37, 21, 19, '1518', '155', '1836', '0270190004', '02701900041', '', '2019-03-08 07:32:18', '2019-03-08 07:32:18', 1),
(945, 'กล่องกระดาษกระดิ่ง 1800ml', 37, 21, 19, '1424', '195', '1520', '0270190005', '02701900051', '', '2019-03-08 07:33:16', '2019-03-08 08:35:31', 1),
(946, 'Be One', 39, 21, 21, '665', '62', '720', '0290210001', '02902100011', '', '2019-03-09 06:01:50', '2019-03-09 06:01:50', 1),
(947, 'P.P.-203', 66, 22, 9, '425', '0', '450', '0560090001', '05600900011', '', '2019-03-11 07:36:52', '2019-03-11 07:36:52', 1),
(948, 'P.P.-204', 66, 22, 9, '405', '0', '450', '0560090002', '05600900021', '', '2019-03-11 07:44:46', '2019-03-11 07:44:46', 1),
(949, 'P.P.-205', 66, 22, 9, '515', '0', '580', '0560090003', '05600900031', '', '2019-03-11 07:45:18', '2019-03-11 07:45:18', 1),
(950, 'P.P.-213', 66, 22, 9, '535', '0', '580', '0560090004', '05600900041', '', '2019-03-11 07:45:50', '2019-03-11 07:45:50', 1),
(951, 'P.P.-313', 66, 22, 9, '575', '0', '630', '0560090005', '05600900051', '', '2019-03-11 07:46:26', '2019-03-11 07:46:26', 1),
(952, 'ถ้วย TL 18 oz เรียบใส', 66, 21, 1, '591', '0', '750', '0560010001', '05600100011', '', '2019-03-11 07:48:23', '2019-03-11 07:48:23', 1),
(953, 'ถ้วย TL 20oz เรียบใส', 66, 21, 1, '591', '0', '750', '0560010002', '05600100021', '', '2019-03-11 07:51:58', '2019-03-11 07:51:58', 1),
(954, 'ถ้วย TL 22oz เรียบใส', 66, 21, 1, '665', '40', '750', '0560010003', '05600100031', '', '2019-03-11 07:52:23', '2019-03-28 09:03:54', 1),
(955, 'ถ้วย TL 18oz เรียบลาย', 66, 21, 1, '683', '0', '830', '0560010004', '05600100041', '', '2019-03-11 07:53:19', '2019-03-11 07:53:19', 1),
(956, 'ถ้วย TL 20oz เรียบลาย', 66, 21, 1, '684', '0', '850', '0560010005', '05600100051', '', '2019-03-11 07:53:43', '2019-03-11 07:53:43', 1),
(957, 'ถ้วย TL 22oz เรียบลาย', 66, 21, 1, '757', '0', '850', '0560010006', '05600100061', '', '2019-03-11 07:53:59', '2019-03-11 07:53:59', 1),
(958, 'กระดาษเฟสต้าโรล', 42, 21, 10, '630', '0', '660', '0320100001', '03201000011', '', '2019-03-13 06:44:57', '2019-03-13 06:44:57', 1),
(959, 'กระดาษแนปกิ้น 13x13', 42, 21, 10, '600', '0', '760', '0320100002', '03201000021', '', '2019-03-13 06:46:00', '2019-03-13 06:46:00', 1),
(960, 'กระดาษแนปกิ้น 16x16', 42, 21, 10, '880', '0', '1040', '0320100003', '03201000031', '', '2019-03-13 06:46:17', '2019-03-13 06:46:17', 1),
(961, 'กระดาษเบลล์', 42, 21, 10, '540', '0', '660', '0320100004', '03201000041', '', '2019-03-13 06:47:42', '2019-03-13 06:47:42', 1),
(962, 'กระดาษเชิดมือลีวี', 42, 21, 10, '900', '0', '1080', '0320100005', '03201000051', '', '2019-03-13 06:48:22', '2019-03-13 06:48:22', 1),
(963, 'กระดาษปอปอัพลีวี', 42, 21, 10, '360', '0', '450', '0320100006', '03201000061', '', '2019-03-13 06:49:18', '2019-03-13 06:49:18', 1),
(964, 'กระดาษปอปอัพเฟสต้า', 42, 21, 10, '320', '0', '420', '0320100007', '03201000071', '', '2019-03-13 06:49:48', '2019-03-13 06:49:48', 1),
(965, 'ถาดใส T301', 66, 21, 13, '540', '175', '660', '0560130001', '05601300011', '', '2019-03-13 07:12:41', '2019-03-13 07:12:41', 1),
(966, 'ถาดใส T302', 66, 21, 13, '915', '290', '1120', '0560130002', '05601300021', '', '2019-03-13 07:13:02', '2019-03-13 07:13:02', 1),
(967, 'ถาดใส T303', 66, 21, 13, '915', '290', '1120', '0560130003', '05601300031', '', '2019-03-13 07:13:07', '2019-03-13 07:13:07', 1),
(968, 'ถาดใส T304', 66, 21, 13, '1040', '325', '1260', '0560130004', '05601300041', '', '2019-03-13 07:13:23', '2019-03-13 07:13:23', 1),
(969, 'ถาดใส T306', 66, 21, 13, '790', '250', '960', '0560130005', '05601300051', '', '2019-03-13 07:13:42', '2019-03-13 07:13:42', 1),
(970, 'ถาดใส T307', 66, 21, 13, '1340', '420', '1640', '0560130006', '05601300061', '', '2019-03-13 07:14:08', '2019-03-13 07:14:08', 1),
(971, 'ถาดใส T308', 66, 21, 13, '1645', '245', '1900', '0560130007', '05601300071', '', '2019-03-13 07:14:56', '2019-03-13 07:14:56', 1),
(972, 'ถาดใส T309', 66, 21, 13, '1345', '210', '1630', '0560130008', '05601300081', '', '2019-03-13 07:15:12', '2019-03-13 07:15:12', 1),
(973, 'ถาดใส T310', 66, 21, 13, '1745', '260', '2000', '0560130009', '05601300091', '', '2019-03-13 07:15:44', '2019-03-13 07:15:44', 1),
(974, 'ถาดใส T311', 66, 21, 13, '1545', '235', '1800', '0560130010', '05601300101', '', '2019-03-13 07:16:01', '2019-03-13 07:16:01', 1),
(975, 'ถาดใส T312', 66, 21, 13, '2645', '370', '2900', '0560130011', '05601300111', '', '2019-03-13 07:16:16', '2019-03-13 07:16:16', 1),
(976, 'ถาดใส T313', 66, 21, 13, '1155', '95', '1470', '0560130012', '05601300121', '', '2019-03-13 07:16:38', '2019-03-13 07:16:38', 1),
(977, 'ถาดใส T314', 66, 21, 13, '1455', '110', '1710', '0560130013', '05601300131', '', '2019-03-13 07:17:17', '2019-03-13 07:17:17', 1),
(978, 'ถาดใส T813', 66, 21, 13, '985', '635', '1250', '0560130014', '05601300141', '', '2019-03-13 07:17:54', '2019-03-13 07:17:54', 1),
(979, 'ถาดใส TL-PET-101', 66, 21, 13, '1173', '120', '1400', '0560130015', '05601300151', '', '2019-03-13 07:18:27', '2019-03-13 07:18:27', 1),
(980, 'ชุดถ้วยเต้าฮัวยใส+ฝา', 51, 21, 7, '810', '50', '920', '0410070001', '04100700011', '', '2019-03-13 07:57:12', '2019-03-13 07:57:12', 1),
(981, 'PP ถุงร้อนตราเพชร 2x4', 43, 24, 27, '2195', '475', '2850', '0330270001', '03302700011', '', '2019-03-14 05:55:51', '2019-03-14 05:55:51', 1),
(982, 'PP ถุงร้อนตราเพชร 2.5x4', 43, 24, 27, '2195', '475', '2850', '0330270002', '03302700021', '', '2019-03-14 05:56:07', '2019-03-14 05:56:07', 1),
(983, 'PP ถุงร้อนตราเพชร 2.5x5', 43, 24, 27, '2195', '475', '2850', '0330270003', '03302700031', '', '2019-03-14 05:56:12', '2019-03-14 05:56:12', 1),
(984, 'PP ถุงร้อนตราเพชร 2x5', 43, 24, 27, '2195', '475', '2850', '0330270004', '03302700041', '', '2019-03-14 05:56:17', '2019-03-14 05:56:17', 1),
(985, 'PP ถุงร้อนตราเพชร 3x5', 43, 24, 27, '1775', '375', '2250', '0330270005', '03302700051', '', '2019-03-14 05:56:52', '2019-03-14 05:56:52', 1),
(986, 'PP ถุงร้อนตราเพชร 3.5x5', 43, 24, 27, '1775', '375', '2250', '0330270006', '03302700061', '', '2019-03-14 05:56:59', '2019-03-14 05:56:59', 1),
(987, 'PP ถุงร้อนตราเพชร 3.5x6', 43, 24, 27, '1775', '375', '2250', '0330270007', '03302700071', '', '2019-03-14 05:57:03', '2019-03-14 05:57:03', 1),
(988, 'PP ถุงร้อนตราเพชร 4x6', 43, 24, 27, '1775', '325', '1950', '0330270008', '03302700081', '', '2019-03-14 05:57:36', '2019-03-14 05:57:36', 1),
(989, 'PP ถุงร้อนตราเพชร 4x7', 43, 24, 27, '1775', '325', '1950', '0330270009', '03302700091', '', '2019-03-14 05:58:27', '2019-03-14 05:58:27', 1),
(990, 'PP ถุงร้อนตราเพชร 5x8', 43, 24, 27, '1775', '325', '1950', '0330270010', '03302700101', '', '2019-03-14 05:58:34', '2019-03-14 05:58:34', 1),
(991, 'PP ถุงร้อนตราเพชร 6x9', 43, 24, 27, '1775', '325', '1950', '0330270011', '03302700111', '', '2019-03-14 05:58:43', '2019-03-14 05:58:43', 1),
(992, 'PP ถุงร้อนตราเพชร 6x10', 43, 24, 27, '1775', '325', '1950', '0330270012', '03302700121', '', '2019-03-14 05:58:49', '2019-03-14 05:58:49', 1),
(993, 'PP ถุงร้อนตราเพชร 6x11', 43, 24, 27, '1775', '325', '1950', '0330270013', '03302700131', '', '2019-03-14 05:58:55', '2019-03-14 05:58:55', 1),
(994, 'PP ถุงร้อนตราเพชร 6x12', 43, 24, 27, '1775', '325', '1950', '0330270014', '03302700141', '', '2019-03-14 05:58:58', '2019-03-14 05:58:58', 1),
(995, 'PP ถุงร้อนตราเพชร 7x10', 43, 24, 27, '1775', '325', '1950', '0330270015', '03302700151', '', '2019-03-14 05:59:05', '2019-03-14 05:59:05', 1),
(996, 'PP ถุงร้อนตราเพชร 7x11', 43, 24, 27, '1775', '325', '1950', '0330270016', '03302700161', '', '2019-03-14 05:59:14', '2019-03-14 05:59:14', 1),
(997, 'PP ถุงร้อนตราเพชร 7x12', 43, 24, 27, '1775', '325', '1950', '0330270017', '03302700171', '', '2019-03-14 05:59:17', '2019-03-14 05:59:17', 1),
(998, 'PP ถุงร้อนตราเพชร 8x12', 43, 24, 27, '1775', '325', '1950', '0330270018', '03302700181', '', '2019-03-14 05:59:24', '2019-03-14 05:59:24', 1),
(999, 'PP ถุงร้อนตราเพชร 8x14', 43, 24, 27, '1775', '325', '1950', '0330270019', '03302700191', '', '2019-03-14 05:59:27', '2019-03-14 05:59:27', 1),
(1000, 'PP ถุงร้อนตราเพชร 16x26', 43, 24, 27, '1775', '325', '1950', '0330270020', '03302700201', '', '2019-03-14 05:59:35', '2019-03-14 05:59:35', 1),
(1001, 'PP ถุงร้อนตราเพชร 20x30', 43, 24, 27, '1775', '325', '1950', '0330270021', '03302700211', '', '2019-03-14 05:59:41', '2019-03-14 05:59:41', 1),
(1002, 'เกล็ดขนมปังอังเคัล', 45, 21, 32, '521', '55', '540', '0350320001', '03503200011', '', '2019-03-14 07:22:01', '2019-03-14 07:22:01', 1),
(1003, 'เกล็ดเปือย', 45, 21, 32, '335', '45', '440', '0350320002', '03503200021', '', '2019-03-14 07:26:22', '2019-03-14 07:26:22', 1),
(1004, 'กรดมะนาว(25kg)', 45, 24, 32, '1385', '1550', '1500', '0350320003', '03503200031', '', '2019-03-14 07:27:21', '2019-03-14 07:27:21', 1),
(1005, 'caocao rich ', 46, 21, 21, '2137', '105', '2450', '0360210001', '03602100011', '', '2019-03-14 07:50:50', '2019-03-14 07:50:50', 1),
(1006, 'dairy farm milk', 46, 21, 21, '2315', '215', '2550', '0360210002', '03602100021', '', '2019-03-14 07:51:43', '2019-03-14 07:51:43', 1),
(1007, 'caocao cathey', 46, 21, 21, '1595', '90', '2100', '0360210003', '03602100031', '', '2019-03-14 07:52:44', '2019-03-14 07:52:44', 1),
(1008, 'ถุงหิ้วไฮโซผึ้งน้ำตาล 6x11', 47, 24, 15, '2135', '400', '2340', '0370150001', '03701500011', '', '2019-03-14 08:30:30', '2019-03-14 08:30:30', 1),
(1009, 'ถุงหิ้วไฮโซผึ้งน้ำตาล 6x14', 47, 24, 15, '2135', '400', '2340', '0370150002', '03701500021', '', '2019-03-14 08:30:35', '2019-03-14 08:30:35', 1),
(1010, 'ถุงหิ้วไฮโซผึ้งน้ำตาล 8x16', 47, 24, 15, '2135', '400', '2340', '0370150003', '03701500031', '', '2019-03-14 08:30:44', '2019-03-14 08:30:44', 1),
(1011, 'ถุงหิ้วไฮโซผึ้งน้ำตาล 9x18', 47, 24, 15, '2135', '400', '2340', '0370150004', '03701500041', '', '2019-03-14 08:30:48', '2019-03-14 08:30:48', 1),
(1012, 'ถุงหิ้วไฮโซผึ้งน้ำตาล 7x15', 47, 24, 15, '2135', '400', '2340', '0370150005', '03701500051', '', '2019-03-14 08:31:00', '2019-03-14 08:31:00', 1),
(1013, 'ถุง OPPSลาย 5x10 +P1', 47, 24, 15, '2975', '125', '3750', '0370150006', '03701500061', '', '2019-03-14 08:32:57', '2019-03-14 08:32:57', 1),
(1014, 'ถุง OPPSลาย 6x10 +P1', 47, 24, 15, '2975', '125', '3750', '0370150007', '03701500071', '', '2019-03-14 08:33:02', '2019-03-14 08:33:02', 1),
(1015, 'ถุง OPPSลาย 6x12 +P1', 47, 24, 15, '2975', '125', '3750', '0370150008', '03701500081', '', '2019-03-14 08:33:06', '2019-03-14 08:33:06', 1),
(1016, 'P.P. ร้อนใสตราจลวด 5x20', 48, 24, 27, '1805', '80', '2340', '0380270001', '03802700011', '', '2019-03-16 05:04:28', '2019-03-16 05:04:28', 1),
(1017, 'P.P. ร้อนใสตราจลวด 5x26', 48, 24, 27, '1805', '80', '2340', '0380270002', '03802700021', '', '2019-03-16 05:04:40', '2019-03-16 05:04:40', 1),
(1018, 'P.P. ร้อนใสตราจลวด 9x20', 48, 24, 27, '1805', '80', '2340', '0380270003', '03802700031', '', '2019-03-16 05:04:46', '2019-03-16 05:04:46', 1),
(1019, 'P.P. ร้อนใสตราจลวด 10x18', 48, 24, 27, '1805', '80', '2340', '0380270004', '03802700041', '', '2019-03-16 05:04:53', '2019-03-16 05:04:53', 1),
(1020, 'P.P. ร้อนใสตราจลวด 8x18', 48, 24, 27, '1805', '80', '2340', '0380270005', '03802700051', '', '2019-03-16 05:05:09', '2019-03-16 05:05:09', 1),
(1021, 'P.P. ร้อนใสตราจลวด 24x36', 48, 24, 27, '1895', '80', '2340', '0380270006', '03802700061', '', '2019-03-16 05:05:41', '2019-03-16 05:05:41', 1),
(1022, 'P.P. ร้อนใสตราจลวด 30x50', 48, 24, 27, '1895', '80', '2340', '0380270007', '03802700071', '', '2019-03-16 05:05:50', '2019-03-16 05:05:50', 1),
(1023, 'ไฮโซใสตราจลวด 6x11', 48, 24, 15, '1895', '80', '2340', '0380150001', '03801500011', '', '2019-03-16 05:20:37', '2019-03-16 05:20:37', 1),
(1024, 'ไฮโซใสตราจลวด 6x14', 48, 24, 15, '1895', '80', '2340', '0380150002', '03801500021', '', '2019-03-16 05:20:42', '2019-03-16 05:20:42', 1),
(1025, 'ไฮโซใสตราจลวด 8x16', 48, 24, 15, '1895', '80', '2340', '0380150003', '03801500031', '', '2019-03-16 05:20:49', '2019-03-16 05:20:49', 1),
(1026, 'ไฮโซใสตราจลวด 9x18', 48, 24, 15, '1895', '80', '2340', '0380150004', '03801500041', '', '2019-03-16 05:20:55', '2019-03-16 05:20:55', 1),
(1027, 'ถุงหิ้วสีตราจลวด 8x16', 48, 24, 15, '1895', '70', '2040', '0380150005', '03801500051', '', '2019-03-16 05:26:38', '2019-03-16 05:26:38', 1),
(1028, 'ถุงหิ้วสีตราจลวด 9x18', 48, 24, 15, '1895', '70', '2040', '0380150006', '03801500061', '', '2019-03-16 05:26:42', '2019-03-16 05:26:42', 1),
(1029, 'ถุงหิ้วสีตราจลวด 12x20', 48, 24, 15, '1895', '70', '2040', '0380150007', '03801500071', '', '2019-03-16 05:26:52', '2019-03-16 05:26:52', 1),
(1030, 'ถุงหิ้วสีตราจลวด 12x26', 48, 24, 15, '1895', '70', '2040', '0380150008', '03801500081', '', '2019-03-16 05:26:55', '2019-03-16 05:26:55', 1),
(1031, 'ถุงหิ้วสีตราจลวด 15x30', 48, 24, 15, '1895', '70', '2040', '0380150009', '03801500091', '', '2019-03-16 05:26:59', '2019-03-16 05:26:59', 1),
(1032, 'ครีมเทียมDreamy', 48, 21, 21, '757', '68', '790', '0380210001', '03802100011', '', '2019-03-16 05:54:41', '2019-03-16 05:54:41', 1),
(1033, 'ตะกร้า(small)', 62, 27, 34, '389', '480', '960', '0520340001', '05203400011', '', '2019-03-16 07:32:58', '2019-03-16 07:32:58', 1),
(1034, 'ตะกร้า(medium)', 62, 27, 34, '815', '960', '960', '0520340002', '05203400021', '', '2019-03-16 07:34:43', '2019-03-16 07:34:43', 1),
(1035, 'ตะกร้า(large)', 62, 27, 34, '935', '595', '595', '0520340003', '05203400031', '', '2019-03-16 07:36:35', '2019-03-16 07:36:35', 1),
(1036, 'ถุงหมีเหรียญ 5x8 เขียว', 63, 24, 17, '2465', '100', '3000', '0530170001', '05301700011', '', '2019-03-18 07:20:52', '2019-03-18 07:20:52', 1),
(1037, 'ถุงหมีเหรียญ 6x9 เขียว', 63, 24, 17, '2465', '100', '3000', '0530170002', '05301700021', '', '2019-03-18 07:21:02', '2019-03-18 07:21:02', 1),
(1038, 'ถุงหมีเหรียญ 7x11 เขียว', 63, 24, 17, '2465', '100', '3000', '0530170003', '05301700031', '', '2019-03-18 07:21:11', '2019-03-18 07:21:11', 1),
(1039, 'ถุงหมีเหรียญ 8x12 เขียว', 63, 24, 17, '2465', '100', '3000', '0530170004', '05301700041', '', '2019-03-18 07:21:32', '2019-03-18 07:21:32', 1),
(1040, 'ถุงหมีเหรียญ 9x14 เขียว', 63, 24, 17, '2465', '100', '3000', '0530170005', '05301700051', '', '2019-03-18 07:21:48', '2019-03-18 07:21:48', 1),
(1041, 'ถุงหมีเหรียญ 9x14 มัวง', 63, 24, 17, '2465', '100', '3000', '0530170006', '05301700061', '', '2019-03-18 07:23:00', '2019-03-18 07:23:00', 1),
(1042, 'ถุงหมีเหรียญ 8x12 มัวง', 63, 24, 17, '2465', '100', '3000', '0530170007', '05301700071', '', '2019-03-18 07:23:15', '2019-03-18 07:23:15', 1),
(1043, 'ถุงหมีเหรียญ 7x11 มัวง', 63, 24, 17, '2465', '100', '3000', '0530170008', '05301700081', '', '2019-03-18 07:23:23', '2019-03-18 07:23:23', 1),
(1044, 'ถุงหมีเหรียญ 6x9 มัวง', 63, 24, 17, '2465', '100', '3000', '0530170009', '05301700091', '', '2019-03-18 07:23:30', '2019-03-18 07:23:30', 1),
(1045, 'ถุงหมีเหรียญ 5x8 มัวง', 63, 24, 17, '2465', '100', '3000', '0530170010', '05301700101', '', '2019-03-18 07:23:35', '2019-03-18 07:23:35', 1),
(1046, 'ไก่ยกนิ้ว', 64, 21, 22, '2910', '135', '3200', '0540220001', '05402200011', '', '2019-03-18 08:25:07', '2019-03-18 08:25:07', 1),
(1047, 'ไก่ยิ่งเฮง', 64, 21, 22, '2910', '125', '3125', '0540220002', '05402200021', '', '2019-03-18 08:26:14', '2019-03-18 08:26:14', 1),
(1048, 'ฟิลลิ่งท็อบปิ้ง', 64, 21, 22, '498', '55', '540', '0540220003', '05402200031', '', '2019-03-18 08:55:42', '2019-03-18 08:55:42', 1),
(1049, 'แป้งครัววังทิพย์', 64, 21, 22, '360', '385', '385', '0540220004', '05402200041', '', '2019-03-18 08:56:12', '2019-03-18 08:56:12', 1),
(1050, 'แป้งขนมชั้น', 64, 21, 22, '355', '375', '375', '0540220005', '05402200051', '', '2019-03-18 08:57:06', '2019-03-18 08:57:06', 1),
(1051, 'ไม้จิ้มฟันแพ็กหุ้มพลาดสติก', 64, 21, 22, '3923', '5265', '5265', '0540220006', '05402200061', '', '2019-03-18 09:02:39', '2019-03-18 09:25:32', 1),
(1052, 'แปงกุนแจ', 61, 21, 22, '220', '240', '240', '0510220001', '05102200011', '', '2019-03-25 07:40:40', '2019-03-25 07:40:40', 1),
(1053, 'แป้งตราว่าว 1x10', 67, 21, 22, '280', '295', '295', '0570220001', '05702200011', '', '2019-03-25 08:48:18', '2019-03-25 08:48:18', 1),
(1054, 'แป้งตราบัวแดง 1x10', 67, 21, 22, '372', '400', '400', '0570220002', '05702200021', '', '2019-03-25 08:51:05', '2019-03-25 08:51:05', 1),
(1055, 'แป้งตราดาวฟ้า 1x10', 67, 21, 22, '235', '245', '245', '0570220003', '05702200031', '', '2019-03-25 08:51:36', '2019-03-25 08:51:36', 1),
(1056, 'แป้งตราดาวแดง 1x10', 67, 21, 22, '225', '240', '240', '0570220004', '05702200041', '', '2019-03-25 08:52:05', '2019-03-25 08:52:05', 1),
(1057, 'แป้งตราพัดโบก 1x10', 67, 21, 22, '374', '395', '395', '0570220005', '05702200051', '', '2019-03-25 08:52:57', '2019-03-25 08:52:57', 1),
(1058, 'แป้งตราห่าน 1x10', 67, 21, 22, '306', '350', '350', '0570220006', '05702200061', '', '2019-03-25 08:58:36', '2019-03-25 08:58:36', 1),
(1059, 'แป้งตราห่าน 5x5', 67, 24, 22, '665', '710', '710', '0570220007', '05702200071', '', '2019-03-25 09:03:48', '2019-03-25 09:04:59', 1),
(1060, 'แป้งตราว่าว 5x5', 67, 24, 22, '640', '680', '680', '0570220008', '05702200081', '', '2019-03-25 09:04:15', '2019-03-25 09:04:15', 1),
(1061, 'แป้งตรานก 5x5', 67, 24, 22, '550', '600', '600', '0570220009', '05702200091', '', '2019-03-25 09:04:33', '2019-03-25 09:04:33', 1),
(1062, 'แป้งทอดกรอบUFM', 67, 21, 22, '320', '360', '360', '0570220010', '05702200101', '', '2019-03-25 09:05:52', '2019-03-25 09:05:52', 1),
(1063, 'ถ้วย 32 oz (116) PPN  eici + ฝา', 11, 20, 1, '1455', '90', '1700', '0010010055', '00100100551', '', '2019-03-27 05:50:05', '2019-03-27 05:50:05', 1),
(1064, ' หลอดปลายช้อนคละสี 6mmx21cm', 12, 21, 3, '595', '0', '0', '0020030020', '00200300201', '', '2019-03-30 05:38:29', '2019-03-30 05:38:29', 1),
(1065, ' หลอดปลายช้อนน ้าตาล 6mmx21cm', 12, 21, 3, '595', '0', '0', '0020030021', '00200300211', '', '2019-03-30 05:38:45', '2019-03-30 05:38:45', 1),
(1066, 'Tใหญ่ใส 22oz 16oz (40x1กส)', 60, 25, 15, '4635', '180', '6000', '0500150001', '05001500011', '', '2019-04-01 06:27:55', '2019-04-01 06:27:55', 1),
(1067, 'Tใหญ่สี22oz 16oz (40x1กส)', 60, 25, 15, '4635', '180', '6000', '0500150002', '05001500021', '', '2019-04-01 06:28:28', '2019-04-01 06:28:28', 1),
(1068, 'Tใหญ่ใส 14oz (50x1กส)', 60, 25, 15, '5285', '170', '7000', '0500150003', '05001500031', '', '2019-04-01 06:33:54', '2019-04-01 06:33:54', 1),
(1069, 'Tใหญ่ใส 32oz (20x1กส)', 60, 25, 15, '2835', '220', '4000', '0500150004', '05001500041', '', '2019-04-01 06:40:39', '2019-04-01 06:40:39', 1),
(1070, 'กล่องสี่เหลี่ยม 500ml  ', 58, 21, 7, '803', '100', '950', '0480070001', '04800700011', '', '2019-04-02 09:14:44', '2019-04-02 09:14:44', 1),
(1071, 'กล่องสี่เหลี่ยม 650ml  ', 58, 21, 7, '867', '107', '1020', '0480070002', '04800700021', '', '2019-04-02 09:15:02', '2019-04-02 09:15:35', 1),
(1072, 'กล่องสี่เหลี่ยม 700ml  ', 58, 21, 7, '912', '112', '1070', '0480070003', '04800700031', '', '2019-04-02 09:15:46', '2019-04-02 09:15:46', 1),
(1073, 'กล่องสี่เหลี่ยม 750ml  ', 58, 21, 7, '912', '114', '1090', '0480070004', '04800700041', '', '2019-04-02 09:15:58', '2019-04-02 09:15:58', 1),
(1074, 'กล่องสี่เหลี่ยม 1000ml ', 58, 21, 7, '1027', '125', '1200', '0480070005', '04800700051', '', '2019-04-02 09:16:16', '2019-04-02 09:16:16', 1),
(1075, 'กล่องกลมฝาล๊อค 160ml  ', 58, 21, 7, '1149', '70', '1300', '0480070006', '04800700061', '', '2019-04-02 09:16:45', '2019-04-02 09:16:45', 1),
(1076, 'กล่องกลมฝาล๊อค 210ml', 58, 21, 7, '1187', '72', '1350', '0480070007', '04800700071', '', '2019-04-02 09:17:23', '2019-04-02 09:17:23', 1),
(1077, 'กล่องกลมฝาล๊อค 265ml  ', 58, 21, 7, '1226', '73', '1380', '0480070008', '04800700081', '', '2019-04-02 09:17:39', '2019-04-02 09:17:39', 1),
(1078, 'กล่องกลมฝาล๊อค 300ml  ', 58, 21, 7, '1277', '75', '1430', '0480070009', '04800700091', '', '2019-04-02 09:17:54', '2019-04-02 09:17:54', 1),
(1079, 'กล่องกลมฝาล๊อค 335ml  ', 58, 21, 7, '1392', '80', '1550', '0480070010', '04800700101', '', '2019-04-02 09:18:15', '2019-04-02 09:18:15', 1),
(1080, 'กล่องกลมฝาล๊อค 360ml  ', 58, 21, 7, '1405', '82', '1560', '0480070011', '04800700111', '', '2019-04-02 09:18:46', '2019-04-02 09:18:46', 1),
(1081, 'กล่องกลมฝาล๊อค 400ml  ', 58, 21, 7, '1469', '85', '1620', '0480070012', '04800700121', '', '2019-04-02 09:19:06', '2019-04-02 09:19:06', 1),
(1082, 'กล่องกลมฝาล๊อค 480ml  ', 58, 21, 7, '1571', '88', '1720', '0480070013', '04800700131', '', '2019-04-02 09:19:42', '2019-04-02 09:19:42', 1),
(1083, 'กล่องกลมฝาล๊อค 600ml  ', 58, 21, 7, '1635', '92', '1790', '0480070014', '04800700141', '', '2019-04-02 09:20:00', '2019-04-02 09:20:00', 1),
(1084, 'กล่องกลมฝาล๊อค 750ml  ', 58, 21, 7, '1789', '100', '1940', '0480070015', '04800700151', '', '2019-04-02 09:20:16', '2019-04-02 09:20:16', 1),
(1085, 'กล่องกลมฝาล๊อค 1120ml ', 58, 21, 7, '2429', '135', '2620', '0480070016', '04800700161', '', '2019-04-02 09:20:34', '2019-04-02 09:20:34', 1),
(1086, ' กล่องสี่เหลี่ยม 500ml 2ช่อง', 58, 21, 7, '931', '145', '1100', '0480070017', '04800700171', '', '2019-04-02 09:49:03', '2019-04-02 09:49:03', 1),
(1087, ' กล่องสี่เหลี่ยม 900ml 3ช่อง', 58, 21, 7, '1059', '155', '1220', '0480070018', '04800700181', '', '2019-04-02 09:49:24', '2019-04-02 09:49:24', 1),
(1088, 'choco ช็อกแท่ง', 59, 21, 22, '667', '110', '750', '0490220001', '04902200011', '', '2019-04-09 06:17:50', '2019-04-09 06:17:50', 1),
(1089, 'choco strawแท่ง', 59, 21, 22, '667', '110', '750', '0490220002', '04902200021', '', '2019-04-09 06:20:34', '2019-04-09 06:20:34', 1),
(1090, 'choco rice chocolate', 59, 21, 22, '668', '75', '730', '0490220003', '04902200031', '', '2019-04-09 06:45:00', '2019-04-09 06:45:00', 1),
(1091, 'choco flake chocolate', 59, 21, 22, '668', '75', '730', '0490220004', '04902200041', '', '2019-04-09 06:45:17', '2019-04-09 06:45:17', 1),
(1092, 'choco chip chocolate', 59, 21, 22, '668', '75', '730', '0490220005', '04902200051', '', '2019-04-09 06:45:25', '2019-04-09 06:45:25', 1),
(1093, 'choco chocolate rainbow', 59, 21, 22, '668', '75', '730', '0490220006', '04902200061', '', '2019-04-09 06:45:39', '2019-04-09 06:45:39', 1),
(1094, 'choco rainbow', 59, 21, 22, '668', '75', '730', '0490220007', '04902200071', '', '2019-04-09 06:45:45', '2019-04-09 06:45:45', 1),
(1095, 'choco rainbow blue', 59, 21, 22, '668', '75', '730', '0490220008', '04902200081', '', '2019-04-09 06:45:54', '2019-04-09 06:45:54', 1),
(1096, 'choco rainbow blue and violet', 59, 21, 22, '668', '75', '730', '0490220009', '04902200091', '', '2019-04-09 06:46:04', '2019-04-09 06:46:04', 1),
(1097, 'choco rainbow flake', 59, 21, 22, '668', '75', '730', '0490220010', '04902200101', '', '2019-04-09 06:46:15', '2019-04-09 06:46:15', 1),
(1098, 'choco rainbow pearl', 59, 21, 22, '718', '80', '780', '0490220011', '04902200111', '', '2019-04-09 06:46:39', '2019-04-09 06:46:39', 1),
(1099, 'พับข้างนก 4.5x6', 53, 24, 17, '1835', '350', '2070', '0430170001', '04301700011', '', '2019-04-09 08:22:07', '2019-04-09 08:22:07', 1),
(1100, 'พับข้างนก 4.5x7', 53, 24, 17, '1835', '350', '2070', '0430170002', '04301700021', '', '2019-04-09 08:22:24', '2019-04-09 08:22:24', 1),
(1101, 'พับข้างนก 5x9', 53, 24, 17, '1835', '350', '2070', '0430170003', '04301700031', '', '2019-04-09 08:22:31', '2019-04-09 08:22:31', 1),
(1102, 'พับข้างนก 5.5x9', 53, 24, 17, '1835', '350', '2070', '0430170004', '04301700041', '', '2019-04-09 08:22:38', '2019-04-09 08:22:38', 1),
(1103, 'พับข้างนก 6x8', 53, 24, 17, '1835', '350', '2070', '0430170005', '04301700051', '', '2019-04-09 08:22:45', '2019-04-09 08:22:45', 1),
(1104, 'พับข้างนก 6x9', 53, 24, 17, '1835', '350', '2070', '0430170006', '04301700061', '', '2019-04-09 08:22:48', '2019-04-09 08:22:48', 1),
(1105, 'พับข้างนก 6x10', 53, 24, 17, '1835', '350', '2070', '0430170007', '04301700071', '', '2019-04-09 08:22:54', '2019-04-09 08:22:54', 1),
(1106, 'พับข้างนก 7x10', 53, 24, 17, '1835', '350', '2070', '0430170008', '04301700081', '', '2019-04-09 08:23:02', '2019-04-09 08:23:02', 1),
(1107, 'พับข้างนก 7x11', 53, 24, 17, '1835', '350', '2070', '0430170009', '04301700091', '', '2019-04-09 08:23:05', '2019-04-09 08:23:05', 1),
(1108, 'พับข้างนก 7x9', 53, 24, 17, '1835', '350', '2070', '0430170010', '04301700101', '', '2019-04-09 08:23:09', '2019-04-09 08:23:09', 1),
(1109, 'พับข้างนก 8x12', 53, 24, 17, '1835', '350', '2070', '0430170011', '04301700111', '', '2019-04-09 08:23:16', '2019-04-09 08:23:16', 1),
(1110, 'พับข้างนก 9x14', 53, 24, 17, '1835', '350', '2070', '0430170012', '04301700121', '', '2019-04-09 08:23:22', '2019-04-09 08:23:22', 1),
(1111, 'พับข้างนก 10x15', 53, 24, 17, '1835', '350', '2070', '0430170013', '04301700131', '', '2019-04-09 08:23:25', '2019-04-09 08:23:25', 1),
(1112, 'หนานก 3x5', 53, 24, 17, '1805', '350', '2070', '0430170014', '04301700141', '', '2019-04-09 08:27:27', '2019-04-09 08:27:27', 1),
(1113, 'หนานก 3.5x5', 53, 24, 17, '1805', '350', '2070', '0430170015', '04301700151', '', '2019-04-09 08:27:36', '2019-04-09 08:27:36', 1),
(1114, 'หนานก 4x6', 53, 24, 17, '1805', '350', '2070', '0430170016', '04301700161', '', '2019-04-09 08:27:40', '2019-04-09 08:27:40', 1),
(1115, 'หนานก 4.5x6', 53, 24, 17, '1805', '350', '2070', '0430170017', '04301700171', '', '2019-04-09 08:27:47', '2019-04-09 08:27:47', 1),
(1116, 'หนานก 4.5x7', 53, 24, 17, '1805', '350', '2070', '0430170018', '04301700181', '', '2019-04-09 08:27:58', '2019-04-09 08:27:58', 1),
(1117, 'หนานก 5x7', 53, 24, 17, '1805', '350', '2070', '0430170019', '04301700191', '', '2019-04-09 08:28:02', '2019-04-09 08:28:02', 1),
(1118, 'หนานก 5x8', 53, 24, 17, '1805', '350', '2070', '0430170020', '04301700201', '', '2019-04-09 08:28:06', '2019-04-09 08:28:06', 1),
(1119, 'หนานก 4x5', 53, 24, 17, '1805', '350', '2070', '0430170021', '04301700211', '', '2019-04-09 08:28:16', '2019-04-09 08:28:16', 1),
(1120, 'หนานก 5x8', 53, 24, 17, '1805', '350', '2070', '0430170022', '04301700221', '', '2019-04-09 08:28:19', '2019-04-09 08:28:19', 1),
(1121, 'หนานก 6x9', 53, 24, 17, '1805', '350', '2070', '0430170023', '04301700231', '', '2019-04-09 08:28:26', '2019-04-09 08:28:26', 1),
(1122, 'หนานก 7x11', 53, 24, 17, '1805', '350', '2070', '0430170024', '04301700241', '', '2019-04-09 08:28:32', '2019-04-09 08:28:32', 1),
(1123, 'หนานก 8x12', 53, 24, 17, '1805', '350', '2070', '0430170025', '04301700251', '', '2019-04-09 08:28:36', '2019-04-09 08:28:36', 1),
(1124, 'หนานก 9x14', 53, 24, 17, '1805', '350', '2070', '0430170026', '04301700261', '', '2019-04-09 08:28:40', '2019-04-09 08:28:40', 1),
(1125, 'หนานก 10x15', 53, 24, 17, '1805', '350', '2070', '0430170027', '04301700271', '', '2019-04-09 08:28:46', '2019-04-09 08:28:46', 1),
(1126, 'แป้งกิเลนเหลือง', 56, 21, 22, '334', '36', '345', '0460220001', '04602200011', '', '2019-04-16 06:34:30', '2019-04-16 06:34:30', 1),
(1127, 'แป้งกิเลนแดง', 56, 21, 22, '338', '37', '355', '0460220002', '04602200021', '', '2019-04-16 06:34:55', '2019-04-16 06:34:55', 1),
(1128, 'ปืนจุดแก๊ส', 54, 21, 22, '1635', '210', '2000', '0440220001', '04402200011', '', '2019-04-16 07:14:48', '2019-04-16 07:14:48', 1);

-- --------------------------------------------------------

--
-- Table structure for table `product_return`
--

CREATE TABLE `product_return` (
  `id` int(11) NOT NULL,
  `product_id` int(11) NOT NULL,
  `invoice_id` text NOT NULL,
  `barcode` text NOT NULL,
  `return_value` int(11) NOT NULL,
  `detail` text NOT NULL,
  `unit` text NOT NULL,
  `manage_stock_id` int(11) NOT NULL,
  `inserted` timestamp NOT NULL DEFAULT CURRENT_TIMESTAMP ON UPDATE CURRENT_TIMESTAMP
) ENGINE=InnoDB DEFAULT CHARSET=utf8;

-- --------------------------------------------------------

--
-- Table structure for table `product_setting`
--

CREATE TABLE `product_setting` (
  `id` int(11) NOT NULL,
  `product_id` int(11) NOT NULL,
  `value_of_unit` int(11) NOT NULL
) ENGINE=InnoDB DEFAULT CHARSET=utf8 COLLATE=utf8_unicode_ci;

--
-- Dumping data for table `product_setting`
--

INSERT INTO `product_setting` (`id`, `product_id`, `value_of_unit`) VALUES
(56, 223, 20),
(57, 224, 40),
(58, 225, 20),
(59, 226, 40),
(60, 201, 20),
(61, 202, 20),
(62, 205, 20),
(63, 206, 20),
(64, 207, 20),
(65, 208, 20),
(66, 209, 20),
(67, 210, 40),
(68, 211, 40),
(69, 212, 20),
(70, 213, 20),
(71, 214, 40),
(72, 215, 40),
(73, 216, 40),
(74, 217, 40),
(75, 218, 40),
(76, 219, 40),
(77, 220, 40),
(78, 221, 40),
(79, 222, 40),
(80, 227, 20),
(81, 228, 20),
(82, 229, 20),
(83, 230, 20),
(84, 231, 20),
(85, 232, 20),
(86, 233, 40),
(87, 234, 40),
(88, 235, 40),
(89, 236, 40),
(90, 237, 40),
(91, 238, 40),
(92, 239, 40),
(93, 240, 40),
(94, 241, 40),
(95, 242, 20),
(96, 243, 20),
(97, 244, 20),
(98, 271, 20),
(99, 1123, 30),
(100, 1124, 30),
(101, 1125, 30);

-- --------------------------------------------------------

--
-- Table structure for table `stock`
--

CREATE TABLE `stock` (
  `id` int(11) NOT NULL,
  `remaining_stock` int(11) NOT NULL,
  `average_buy_price` decimal(10,2) NOT NULL,
  `date_inserted` timestamp NOT NULL DEFAULT CURRENT_TIMESTAMP,
  `date_last_update` timestamp NOT NULL DEFAULT CURRENT_TIMESTAMP ON UPDATE CURRENT_TIMESTAMP
) ENGINE=InnoDB DEFAULT CHARSET=utf8 COLLATE=utf8_unicode_ci;

-- --------------------------------------------------------

--
-- Table structure for table `stock_alert`
--

CREATE TABLE `stock_alert` (
  `id` int(11) NOT NULL,
  `product_id` int(11) NOT NULL,
  `reorder_point` int(11) NOT NULL,
  `date_inserted` timestamp NOT NULL DEFAULT CURRENT_TIMESTAMP,
  `date_last_update` timestamp NOT NULL DEFAULT CURRENT_TIMESTAMP ON UPDATE CURRENT_TIMESTAMP
) ENGINE=InnoDB DEFAULT CHARSET=utf8 COLLATE=utf8_unicode_ci;

--
-- Dumping data for table `stock_alert`
--

INSERT INTO `stock_alert` (`id`, `product_id`, `reorder_point`, `date_inserted`, `date_last_update`) VALUES
(36, 228, 30, '2019-01-07 09:29:00', '2019-01-07 09:29:00'),
(37, 229, 30, '2019-01-07 09:29:04', '2019-01-07 09:29:04'),
(38, 230, 30, '2019-01-07 09:29:08', '2019-01-07 09:29:08'),
(39, 231, 30, '2019-01-07 09:29:15', '2019-01-07 09:29:15'),
(40, 232, 10, '2019-01-07 09:29:37', '2019-01-07 09:29:37'),
(41, 233, 30, '2019-01-07 09:34:37', '2019-01-07 09:34:37'),
(42, 234, 10, '2019-01-07 09:35:20', '2019-01-07 09:35:20'),
(43, 235, 15, '2019-01-07 09:35:37', '2019-01-07 09:35:37'),
(44, 236, 15, '2019-01-07 09:35:41', '2019-01-07 09:35:41'),
(45, 237, 15, '2019-01-07 09:35:45', '2019-01-07 09:35:45'),
(46, 238, 15, '2019-01-07 09:35:48', '2019-01-07 09:35:48'),
(47, 239, 10, '2019-01-07 09:37:06', '2019-01-07 09:37:06'),
(48, 240, 5, '2019-01-07 09:37:14', '2019-01-07 09:37:14'),
(49, 241, 10, '2019-01-07 09:37:54', '2019-01-07 09:37:54'),
(50, 242, 20, '2019-01-07 09:39:24', '2019-01-07 09:39:24'),
(51, 243, 15, '2019-01-07 09:39:31', '2019-01-07 09:39:31'),
(52, 244, 15, '2019-01-07 09:39:35', '2019-01-07 09:39:35'),
(53, 245, 20, '2019-01-07 09:43:20', '2019-01-07 09:43:20'),
(54, 246, 20, '2019-01-07 09:43:59', '2019-01-07 09:43:59'),
(55, 247, 20, '2019-01-07 09:44:18', '2019-01-07 09:44:18'),
(56, 248, 5, '2019-01-07 09:44:33', '2019-01-07 09:44:33'),
(57, 249, 15, '2019-01-07 09:44:46', '2019-01-07 09:44:46'),
(58, 250, 20, '2019-01-07 09:45:10', '2019-01-07 09:45:10'),
(59, 251, 20, '2019-01-07 09:45:26', '2019-01-07 09:45:26'),
(60, 252, 20, '2019-01-07 09:45:35', '2019-01-07 09:45:35'),
(61, 253, 20, '2019-01-07 09:45:42', '2019-01-07 09:45:42'),
(62, 254, 15, '2019-01-07 09:58:18', '2019-01-07 10:01:34'),
(63, 255, 10, '2019-01-07 09:58:50', '2019-01-07 09:58:50'),
(64, 256, 10, '2019-01-07 09:59:00', '2019-01-07 09:59:00'),
(65, 257, 10, '2019-01-07 10:00:08', '2019-01-07 10:00:08'),
(66, 258, 30, '2019-01-07 10:01:24', '2019-01-07 10:01:24'),
(67, 259, 20, '2019-01-07 10:02:18', '2019-01-07 10:02:18'),
(68, 260, 20, '2019-01-07 10:02:23', '2019-01-07 10:02:23'),
(69, 261, 5, '2019-01-07 10:03:06', '2019-01-07 10:03:06'),
(70, 262, 30, '2019-01-07 10:03:48', '2019-01-07 10:03:48'),
(71, 263, 15, '2019-01-07 10:06:14', '2019-01-07 10:06:14'),
(72, 264, 10, '2019-01-07 10:06:28', '2019-01-07 10:06:28'),
(73, 265, 10, '2019-01-07 10:06:40', '2019-01-07 10:06:40'),
(74, 266, 10, '2019-01-07 10:06:52', '2019-01-07 10:06:52'),
(75, 267, 20, '2019-01-07 10:15:32', '2019-01-07 10:15:32'),
(76, 268, 5, '2019-01-07 10:17:17', '2019-01-07 10:17:17'),
(77, 269, 5, '2019-01-07 10:17:37', '2019-01-07 10:17:37'),
(78, 270, 5, '2019-01-07 10:17:55', '2019-01-07 10:17:55'),
(79, 271, 10, '2019-01-07 10:19:35', '2019-01-07 10:19:35'),
(80, 272, 10, '2019-01-07 10:19:38', '2019-01-07 10:19:38'),
(81, 273, 10, '2019-01-07 10:20:40', '2019-01-07 10:20:40'),
(82, 274, 10, '2019-01-07 10:22:36', '2019-01-07 10:22:36'),
(83, 275, 20, '2019-01-07 10:23:39', '2019-01-07 10:23:39'),
(84, 276, 10, '2019-01-07 10:25:29', '2019-01-07 10:25:29'),
(85, 277, 10, '2019-01-07 10:25:33', '2019-01-07 10:25:33'),
(86, 278, 5, '2019-01-07 10:27:53', '2019-01-07 10:27:53'),
(87, 279, 5, '2019-01-08 06:07:49', '2019-01-08 06:07:49'),
(88, 280, 5, '2019-01-08 06:08:00', '2019-01-08 06:08:00'),
(89, 281, 5, '2019-01-08 06:08:05', '2019-01-08 06:08:05'),
(90, 282, 5, '2019-01-08 06:08:18', '2019-01-08 06:08:18'),
(91, 283, 5, '2019-01-08 06:08:25', '2019-01-08 06:08:25'),
(92, 284, 5, '2019-01-08 06:08:29', '2019-01-08 06:08:29'),
(93, 285, 5, '2019-01-08 06:08:45', '2019-01-08 06:08:45'),
(94, 286, 10, '2019-01-08 06:12:09', '2019-01-08 06:12:09'),
(95, 287, 10, '2019-01-08 06:12:15', '2019-01-08 06:12:15'),
(96, 288, 20, '2019-01-08 06:12:20', '2019-01-08 06:12:20'),
(97, 289, 20, '2019-01-08 06:12:24', '2019-01-08 06:12:24'),
(98, 290, 10, '2019-01-08 06:13:08', '2019-01-08 06:13:08'),
(99, 291, 20, '2019-01-08 06:14:22', '2019-01-08 06:14:22'),
(100, 292, 5, '2019-01-08 06:15:12', '2019-01-08 06:15:12'),
(101, 293, 5, '2019-01-08 06:15:17', '2019-01-08 06:15:17'),
(102, 294, 5, '2019-01-08 06:15:37', '2019-01-08 06:15:37'),
(103, 295, 10, '2019-01-08 06:17:03', '2019-01-08 06:17:03'),
(104, 296, 10, '2019-01-08 06:18:18', '2019-01-08 06:18:18'),
(105, 297, 10, '2019-01-08 06:19:03', '2019-01-08 06:19:03'),
(106, 298, 10, '2019-01-08 06:19:09', '2019-01-08 06:19:09'),
(107, 299, 15, '2019-01-08 06:30:26', '2019-01-08 06:30:26'),
(108, 300, 5, '2019-01-08 08:04:35', '2019-01-08 08:04:35'),
(109, 301, 5, '2019-01-08 08:04:50', '2019-01-08 08:04:50'),
(110, 302, 5, '2019-01-08 08:04:57', '2019-01-08 08:04:57'),
(111, 303, 5, '2019-01-08 08:05:09', '2019-01-08 08:05:09'),
(112, 304, 5, '2019-01-08 08:05:13', '2019-01-08 08:05:13'),
(113, 305, 15, '2019-01-08 08:07:57', '2019-01-08 08:07:57'),
(114, 306, 5, '2019-01-08 08:08:21', '2019-01-08 08:08:21'),
(115, 307, 15, '2019-01-08 08:09:55', '2019-01-08 08:09:55'),
(116, 308, 5, '2019-01-08 08:10:59', '2019-01-08 08:10:59'),
(117, 309, 5, '2019-01-08 08:12:09', '2019-01-08 08:12:09'),
(118, 310, 5, '2019-01-08 08:12:16', '2019-01-08 08:12:16'),
(119, 311, 5, '2019-01-08 08:12:21', '2019-01-08 08:12:21'),
(120, 312, 10, '2019-01-08 08:12:23', '2019-01-08 08:12:23'),
(121, 313, 10, '2019-01-08 08:12:28', '2019-01-08 08:12:28'),
(122, 314, 10, '2019-01-08 08:12:39', '2019-01-08 08:12:39'),
(123, 315, 10, '2019-01-08 08:12:41', '2019-01-08 08:12:41'),
(124, 316, 10, '2019-01-08 08:12:45', '2019-01-08 08:12:45'),
(125, 317, 20, '2019-01-08 08:12:48', '2019-01-08 08:12:48'),
(126, 318, 10, '2019-01-08 08:12:51', '2019-01-08 08:12:51'),
(127, 319, 5, '2019-01-08 08:13:07', '2019-01-08 08:13:07'),
(128, 320, 15, '2019-01-08 08:14:08', '2019-01-08 08:14:08'),
(129, 321, 5, '2019-01-08 08:14:26', '2019-01-08 08:14:26'),
(130, 322, 10, '2019-01-08 08:14:38', '2019-01-08 08:14:38'),
(131, 323, 10, '2019-01-08 08:14:57', '2019-01-08 08:14:57'),
(132, 324, 10, '2019-01-08 08:15:16', '2019-01-08 08:15:16'),
(133, 325, 10, '2019-01-08 08:15:23', '2019-01-08 08:15:23'),
(134, 326, 15, '2019-01-08 08:15:35', '2019-01-08 08:15:35'),
(135, 327, 15, '2019-01-08 08:15:46', '2019-01-08 08:15:46'),
(136, 328, 5, '2019-01-08 08:15:56', '2019-01-08 08:15:56'),
(137, 329, 5, '2019-01-08 08:16:06', '2019-01-08 08:16:06'),
(138, 330, 5, '2019-01-08 08:16:12', '2019-01-08 08:16:12'),
(139, 331, 20, '2019-01-08 08:16:19', '2019-01-08 08:16:19'),
(140, 332, 30, '2019-01-08 08:16:52', '2019-01-08 08:16:52'),
(141, 333, 30, '2019-01-08 08:17:03', '2019-01-08 08:17:03'),
(142, 334, 15, '2019-01-08 08:17:20', '2019-01-08 08:17:20'),
(143, 335, 20, '2019-01-08 08:17:36', '2019-01-08 08:17:36'),
(144, 336, 5, '2019-01-08 08:17:42', '2019-01-08 08:17:42'),
(145, 337, 5, '2019-01-08 08:17:50', '2019-01-08 08:17:50'),
(146, 338, 30, '2019-01-08 08:21:47', '2019-01-08 08:21:47'),
(147, 339, 10, '2019-01-31 09:37:17', '2019-01-31 09:37:17'),
(148, 340, 5, '2019-01-31 09:38:00', '2019-01-31 09:38:00'),
(149, 342, 5, '2019-01-31 09:39:26', '2019-01-31 09:39:26'),
(150, 343, 10, '2019-01-31 09:39:30', '2019-01-31 09:39:30'),
(151, 344, 20, '2019-01-31 09:40:12', '2019-01-31 09:40:12'),
(152, 345, 5, '2019-01-31 09:40:52', '2019-01-31 09:40:52'),
(153, 346, 5, '2019-01-31 09:41:12', '2019-01-31 09:41:12'),
(154, 347, 120, '2019-01-31 09:44:45', '2019-01-31 09:44:45'),
(155, 348, 40, '2019-01-31 09:45:10', '2019-01-31 09:45:10'),
(156, 349, 30, '2019-01-31 09:46:11', '2019-01-31 09:46:11'),
(157, 350, 10, '2019-01-31 09:48:59', '2019-01-31 09:48:59'),
(158, 351, 5, '2019-01-31 09:56:05', '2019-01-31 09:56:05'),
(159, 354, 10, '2019-02-05 06:30:11', '2019-02-05 06:30:11'),
(160, 355, 10, '2019-02-05 06:30:29', '2019-02-05 06:30:29'),
(161, 356, 10, '2019-02-05 06:30:36', '2019-02-05 06:30:36'),
(162, 357, 10, '2019-02-05 06:30:44', '2019-02-05 06:30:44'),
(163, 358, 20, '2019-02-05 06:30:53', '2019-02-05 06:30:53'),
(164, 359, 20, '2019-02-05 06:31:03', '2019-02-05 06:31:03'),
(165, 360, 30, '2019-02-05 06:35:53', '2019-02-05 06:35:53'),
(166, 361, 10, '2019-02-05 06:36:07', '2019-02-05 06:36:07'),
(167, 362, 20, '2019-02-05 06:36:16', '2019-02-05 06:36:16'),
(168, 363, 20, '2019-02-05 06:36:32', '2019-02-05 06:36:32'),
(169, 364, 10, '2019-02-05 06:36:41', '2019-02-05 06:36:41'),
(170, 365, 10, '2019-02-05 06:36:48', '2019-02-05 06:36:48'),
(171, 366, 10, '2019-02-05 06:36:55', '2019-02-05 06:36:55'),
(172, 367, 10, '2019-02-05 06:37:17', '2019-02-05 06:37:17'),
(202, 397, 1, '2019-02-06 03:04:45', '2019-02-06 03:04:45'),
(203, 398, 1, '2019-02-06 03:04:51', '2019-02-06 03:04:51'),
(204, 399, 1, '2019-02-06 03:04:59', '2019-02-06 03:04:59'),
(205, 400, 1, '2019-02-06 03:05:04', '2019-02-06 03:05:04'),
(206, 401, 1, '2019-02-06 03:06:19', '2019-02-06 03:06:19'),
(207, 402, 1, '2019-02-06 03:06:34', '2019-02-06 03:06:34'),
(208, 403, 1, '2019-02-06 03:06:39', '2019-02-06 03:06:39'),
(209, 404, 1, '2019-02-06 03:06:45', '2019-02-06 03:06:45'),
(210, 405, 1, '2019-02-06 03:06:53', '2019-02-06 03:06:53'),
(211, 406, 1, '2019-02-06 03:06:58', '2019-02-06 03:06:58'),
(212, 407, 1, '2019-02-06 03:07:04', '2019-02-06 03:07:04'),
(213, 408, 1, '2019-02-06 03:07:08', '2019-02-06 03:07:08'),
(214, 409, 1, '2019-02-06 03:07:15', '2019-02-06 03:07:15'),
(215, 410, 1, '2019-02-06 03:07:21', '2019-02-06 03:07:21'),
(216, 411, 1, '2019-02-06 03:07:52', '2019-02-06 03:07:52'),
(217, 412, 1, '2019-02-06 03:07:56', '2019-02-06 03:07:56'),
(218, 413, 1, '2019-02-06 03:08:01', '2019-02-06 03:08:01'),
(219, 414, 1, '2019-02-06 03:08:08', '2019-02-06 03:08:08'),
(220, 415, 1, '2019-02-06 03:08:12', '2019-02-06 03:08:12'),
(221, 416, 1, '2019-02-06 03:08:18', '2019-02-06 03:08:18'),
(222, 417, 1, '2019-02-06 03:08:26', '2019-02-06 03:08:26'),
(223, 418, 1, '2019-02-06 03:08:30', '2019-02-06 03:08:30'),
(224, 419, 1, '2019-02-06 03:08:35', '2019-02-06 03:08:35'),
(225, 420, 1, '2019-02-06 03:08:41', '2019-02-06 03:08:41'),
(226, 421, 1, '2019-02-06 03:08:46', '2019-02-06 03:08:46'),
(227, 422, 1, '2019-02-06 03:08:51', '2019-02-06 03:08:51'),
(228, 423, 1, '2019-02-06 03:08:56', '2019-02-06 03:08:56'),
(229, 424, 1, '2019-02-06 03:09:00', '2019-02-06 03:09:00'),
(230, 425, 1, '2019-02-06 03:09:05', '2019-02-06 03:09:05'),
(231, 426, 1, '2019-02-06 03:09:09', '2019-02-06 03:09:09'),
(232, 427, 1, '2019-02-06 03:09:14', '2019-02-06 03:09:14'),
(233, 428, 1, '2019-02-06 03:09:18', '2019-02-06 03:09:18'),
(234, 429, 1, '2019-02-06 03:09:24', '2019-02-06 03:09:24'),
(235, 430, 1, '2019-02-06 03:09:29', '2019-02-06 03:09:29'),
(236, 431, 1, '2019-02-06 03:09:38', '2019-02-06 03:09:38'),
(237, 432, 1, '2019-02-06 03:09:58', '2019-02-06 03:09:58'),
(238, 433, 1, '2019-02-06 03:10:25', '2019-02-06 03:10:25'),
(239, 434, 1, '2019-02-06 03:10:30', '2019-02-06 03:10:30'),
(240, 435, 1, '2019-02-06 03:10:38', '2019-02-06 03:10:38'),
(241, 436, 1, '2019-02-06 03:10:43', '2019-02-06 03:10:43'),
(242, 437, 1, '2019-02-06 03:10:47', '2019-02-06 03:10:47'),
(243, 438, 1, '2019-02-06 03:10:55', '2019-02-06 03:10:55'),
(244, 439, 1, '2019-02-06 03:11:00', '2019-02-06 03:11:00'),
(245, 440, 1, '2019-02-06 03:11:04', '2019-02-06 03:11:04'),
(246, 441, 1, '2019-02-06 03:11:22', '2019-02-06 03:11:22'),
(247, 442, 1, '2019-02-06 03:11:27', '2019-02-06 03:11:27'),
(248, 443, 1, '2019-02-06 03:11:32', '2019-02-06 03:11:32'),
(249, 444, 1, '2019-02-06 03:11:37', '2019-02-06 03:11:37'),
(250, 445, 1, '2019-02-06 03:11:42', '2019-02-06 03:11:42'),
(251, 446, 1, '2019-02-06 03:11:48', '2019-02-06 03:11:48'),
(252, 447, 1, '2019-02-06 03:11:54', '2019-02-06 03:11:54'),
(253, 448, 1, '2019-02-06 03:11:59', '2019-02-06 03:11:59'),
(254, 449, 1, '2019-02-06 03:12:12', '2019-02-06 03:12:12'),
(255, 450, 1, '2019-02-06 03:24:07', '2019-02-06 03:24:07'),
(256, 451, 1, '2019-02-06 03:24:16', '2019-02-06 03:24:16'),
(257, 452, 1, '2019-02-06 03:24:28', '2019-02-06 03:24:28'),
(258, 453, 1, '2019-02-06 03:24:36', '2019-02-06 03:24:36'),
(259, 454, 1, '2019-02-06 03:24:43', '2019-02-06 03:24:43'),
(260, 455, 1, '2019-02-06 03:26:28', '2019-02-06 03:26:28'),
(261, 456, 1, '2019-02-06 03:26:34', '2019-02-06 03:26:34'),
(262, 457, 1, '2019-02-06 03:26:42', '2019-02-06 03:26:42'),
(263, 458, 3, '2019-02-06 03:26:52', '2019-02-06 03:26:52'),
(264, 459, 5, '2019-02-06 03:27:04', '2019-02-06 03:27:04'),
(265, 460, 10, '2019-02-06 03:27:15', '2019-02-06 03:27:15'),
(266, 461, 15, '2019-02-06 03:27:55', '2019-02-06 03:27:55'),
(267, 462, 35, '2019-02-06 03:28:28', '2019-02-06 03:28:28'),
(268, 463, 35, '2019-02-06 03:28:43', '2019-02-06 03:28:43'),
(269, 464, 25, '2019-02-06 03:28:54', '2019-02-06 03:28:54'),
(270, 465, 20, '2019-02-06 03:29:02', '2019-02-06 03:29:02'),
(271, 466, 15, '2019-02-06 03:29:12', '2019-02-06 03:29:12'),
(272, 467, 15, '2019-02-06 03:29:20', '2019-02-06 03:29:20'),
(273, 468, 1, '2019-02-06 04:45:33', '2019-02-06 04:45:33'),
(274, 469, 5, '2019-02-06 04:45:59', '2019-02-06 04:45:59'),
(275, 470, 1, '2019-02-06 04:46:20', '2019-02-06 04:46:20'),
(276, 471, 1, '2019-02-06 04:47:21', '2019-02-06 04:47:21'),
(277, 472, 1, '2019-02-06 04:47:27', '2019-02-06 04:47:27'),
(278, 473, 1, '2019-02-06 04:47:34', '2019-02-06 04:47:34'),
(279, 474, 1, '2019-02-06 04:47:39', '2019-02-06 04:47:39'),
(280, 475, 1, '2019-02-06 04:47:43', '2019-02-06 04:47:43'),
(281, 476, 1, '2019-02-06 04:47:54', '2019-02-06 04:47:54'),
(282, 477, 2, '2019-02-06 04:54:00', '2019-02-06 04:54:00'),
(283, 478, 2, '2019-02-06 04:54:09', '2019-02-06 04:54:09'),
(284, 479, 2, '2019-02-06 04:54:14', '2019-02-06 04:54:14'),
(285, 480, 2, '2019-02-06 04:54:19', '2019-02-06 04:54:19'),
(286, 481, 2, '2019-02-06 04:54:24', '2019-02-06 04:54:24'),
(287, 482, 2, '2019-02-06 04:54:29', '2019-02-06 04:54:29'),
(288, 483, 0, '2019-02-06 04:56:12', '2019-02-06 04:56:12'),
(289, 484, 0, '2019-02-06 04:56:18', '2019-02-06 04:56:18'),
(290, 485, 0, '2019-02-06 04:56:22', '2019-02-06 04:56:22'),
(291, 486, 0, '2019-02-06 04:56:27', '2019-02-06 04:56:27'),
(292, 487, 0, '2019-02-06 04:56:32', '2019-02-06 04:56:32'),
(293, 488, 5, '2019-02-06 05:02:32', '2019-02-06 05:02:32'),
(294, 489, 1, '2019-02-06 05:02:44', '2019-02-06 05:02:44'),
(295, 490, 2, '2019-02-06 05:03:43', '2019-02-06 05:03:43'),
(296, 491, 4, '2019-02-06 05:23:29', '2019-02-06 05:23:29'),
(297, 492, 1, '2019-02-06 05:23:50', '2019-02-06 05:23:50'),
(298, 493, 1, '2019-02-06 05:24:00', '2019-02-06 05:24:00'),
(299, 494, 1, '2019-02-06 05:24:11', '2019-02-06 05:24:11'),
(300, 495, 1, '2019-02-06 05:32:21', '2019-02-06 05:32:21'),
(301, 496, 5, '2019-02-06 06:20:39', '2019-02-06 06:20:39'),
(302, 497, 5, '2019-02-06 06:21:14', '2019-02-06 06:21:14'),
(303, 498, 0, '2019-02-06 06:23:49', '2019-02-06 06:23:49'),
(304, 499, 1, '2019-02-06 06:24:39', '2019-02-06 06:24:39'),
(305, 500, 1, '2019-02-06 06:24:45', '2019-02-06 06:24:45'),
(306, 501, 1, '2019-02-06 06:24:50', '2019-02-06 06:24:50'),
(307, 502, 1, '2019-02-06 06:24:58', '2019-02-06 06:24:58'),
(308, 503, 1, '2019-02-06 06:25:01', '2019-02-06 06:25:01'),
(309, 504, 1, '2019-02-06 06:25:12', '2019-02-06 06:25:12'),
(310, 505, 3, '2019-02-06 06:48:22', '2019-02-06 06:48:22'),
(311, 506, 3, '2019-02-06 06:48:26', '2019-02-06 06:48:26'),
(312, 507, 3, '2019-02-06 06:48:29', '2019-02-06 06:48:29'),
(313, 508, 10, '2019-02-06 06:48:38', '2019-02-06 06:48:38'),
(314, 509, 10, '2019-02-06 06:48:41', '2019-02-06 06:48:41'),
(315, 510, 1, '2019-02-06 06:50:01', '2019-02-06 06:50:01'),
(316, 511, 5, '2019-02-06 06:55:52', '2019-02-06 06:55:52'),
(317, 512, 5, '2019-02-06 06:56:12', '2019-02-06 06:56:12'),
(318, 513, 5, '2019-02-06 06:56:19', '2019-02-06 06:56:19'),
(319, 514, 5, '2019-02-06 07:12:08', '2019-02-06 07:12:08'),
(320, 515, 5, '2019-02-06 07:12:27', '2019-02-06 07:12:27'),
(321, 516, 5, '2019-02-06 07:12:33', '2019-02-06 07:12:33'),
(322, 517, 5, '2019-02-06 07:12:41', '2019-02-06 07:12:41'),
(323, 518, 5, '2019-02-06 07:12:49', '2019-02-06 07:12:49'),
(324, 519, 5, '2019-02-06 07:12:57', '2019-02-06 07:12:57'),
(325, 520, 5, '2019-02-06 07:13:06', '2019-02-06 07:13:06'),
(326, 521, 5, '2019-02-06 07:13:14', '2019-02-06 07:13:14'),
(327, 522, 5, '2019-02-06 07:13:20', '2019-02-06 07:13:20'),
(328, 523, 5, '2019-02-06 07:13:26', '2019-02-06 07:13:26'),
(329, 524, 5, '2019-02-06 07:13:37', '2019-02-06 07:13:37'),
(330, 525, 5, '2019-02-06 07:13:43', '2019-02-06 07:13:43'),
(331, 526, 10, '2019-02-06 07:13:55', '2019-02-06 07:13:55'),
(332, 527, 10, '2019-02-06 07:14:05', '2019-02-06 07:14:05'),
(333, 528, 10, '2019-02-06 07:14:13', '2019-02-06 07:14:13'),
(334, 529, 10, '2019-02-06 07:14:19', '2019-02-06 07:14:19'),
(335, 530, 5, '2019-02-06 07:14:27', '2019-02-06 07:14:27'),
(336, 531, 10, '2019-02-06 07:14:34', '2019-02-06 07:14:34'),
(337, 532, 10, '2019-02-06 07:14:42', '2019-02-06 07:14:42'),
(338, 533, 10, '2019-02-06 07:14:47', '2019-02-06 07:14:47'),
(339, 534, 5, '2019-02-06 07:14:55', '2019-02-06 07:14:55'),
(340, 535, 5, '2019-02-06 07:15:02', '2019-02-06 07:15:02'),
(341, 536, 5, '2019-02-06 07:15:07', '2019-02-06 07:15:07'),
(342, 537, 10, '2019-02-06 07:15:14', '2019-02-06 07:15:14'),
(343, 538, 5, '2019-02-06 07:15:22', '2019-02-06 07:15:22'),
(344, 539, 5, '2019-02-06 07:15:28', '2019-02-06 07:15:28'),
(345, 540, 10, '2019-02-06 07:15:36', '2019-02-06 07:15:36'),
(346, 541, 5, '2019-02-06 07:15:42', '2019-02-06 07:15:42'),
(347, 542, 5, '2019-02-06 07:15:46', '2019-02-06 07:15:46'),
(348, 543, 5, '2019-02-06 07:15:52', '2019-02-06 07:15:52'),
(349, 544, 10, '2019-02-06 07:15:59', '2019-02-06 07:15:59'),
(350, 545, 5, '2019-02-06 07:16:15', '2019-02-06 07:16:15'),
(351, 546, 5, '2019-02-06 07:16:25', '2019-02-06 07:16:25'),
(352, 547, 5, '2019-02-06 07:16:30', '2019-02-06 07:16:30'),
(353, 548, 10, '2019-02-06 07:16:37', '2019-02-06 07:16:37'),
(354, 549, 10, '2019-02-06 07:16:43', '2019-02-06 07:16:43'),
(355, 550, 3, '2019-02-06 07:16:52', '2019-02-06 07:16:52'),
(356, 551, 5, '2019-02-06 07:17:03', '2019-02-06 07:17:03'),
(357, 552, 5, '2019-02-06 07:17:08', '2019-02-06 07:17:08'),
(358, 553, 5, '2019-02-06 07:17:13', '2019-02-06 07:17:13'),
(359, 554, 5, '2019-02-06 07:17:18', '2019-02-06 07:17:18'),
(360, 555, 5, '2019-02-06 07:19:11', '2019-02-06 07:19:11'),
(361, 556, 5, '2019-02-06 07:19:43', '2019-02-06 07:19:43'),
(362, 557, 5, '2019-02-06 07:19:54', '2019-02-06 07:19:54'),
(363, 558, 5, '2019-02-06 07:20:01', '2019-02-06 07:20:01'),
(364, 559, 2, '2019-02-06 07:34:00', '2019-02-06 07:34:00'),
(365, 560, 20, '2019-02-06 07:44:11', '2019-02-06 07:44:11'),
(366, 561, 5, '2019-02-06 08:42:17', '2019-02-06 08:42:17'),
(367, 562, 2, '2019-02-06 08:43:17', '2019-02-06 08:43:17'),
(368, 564, 2, '2019-02-08 04:08:15', '2019-02-08 04:08:15'),
(369, 565, 2, '2019-02-08 04:08:24', '2019-02-08 04:08:24'),
(370, 566, 2, '2019-02-08 04:08:37', '2019-02-08 04:08:37'),
(371, 567, 5, '2019-02-08 04:10:33', '2019-02-08 04:10:33'),
(372, 568, 15, '2019-02-08 04:13:00', '2019-02-08 04:13:00'),
(373, 569, 15, '2019-02-08 04:13:23', '2019-02-08 04:13:23'),
(374, 570, 15, '2019-02-08 04:14:04', '2019-02-08 04:14:04'),
(375, 571, 5, '2019-02-08 04:14:14', '2019-02-08 04:14:14'),
(376, 572, 10, '2019-02-08 04:14:35', '2019-02-08 04:14:35'),
(377, 573, 10, '2019-02-08 04:14:53', '2019-02-08 04:14:53'),
(378, 574, 5, '2019-02-08 04:15:10', '2019-02-08 04:15:10'),
(379, 575, 5, '2019-02-08 04:26:13', '2019-02-08 04:26:13'),
(380, 576, 5, '2019-02-08 04:26:24', '2019-02-08 04:26:24'),
(381, 577, 5, '2019-02-08 04:26:30', '2019-02-08 04:26:30'),
(382, 578, 5, '2019-02-08 04:26:34', '2019-02-08 04:26:34'),
(383, 579, 5, '2019-02-08 04:26:42', '2019-02-08 04:26:42'),
(384, 580, 5, '2019-02-08 04:27:03', '2019-02-08 04:27:03'),
(385, 581, 5, '2019-02-08 04:27:08', '2019-02-08 04:27:08'),
(386, 582, 5, '2019-02-08 04:27:13', '2019-02-08 04:27:13'),
(387, 583, 5, '2019-02-08 04:27:41', '2019-02-08 04:27:41'),
(388, 584, 10, '2019-02-08 04:28:24', '2019-02-08 04:28:24'),
(389, 585, 10, '2019-02-08 04:28:42', '2019-02-08 04:28:42'),
(390, 586, 10, '2019-02-08 04:28:53', '2019-02-08 04:28:53'),
(391, 587, 1, '2019-02-09 07:38:40', '2019-02-09 07:38:40'),
(392, 588, 2, '2019-02-09 07:40:11', '2019-02-09 07:40:11'),
(393, 589, 2, '2019-02-09 07:59:47', '2019-02-09 07:59:47'),
(394, 590, 3, '2019-02-09 08:01:30', '2019-02-09 08:01:30'),
(395, 591, 3, '2019-02-09 08:01:48', '2019-02-09 08:01:48'),
(396, 592, 2, '2019-02-09 08:40:47', '2019-02-09 08:40:47'),
(397, 593, 2, '2019-02-09 08:41:00', '2019-02-09 08:41:00'),
(398, 594, 2, '2019-02-09 08:41:09', '2019-02-09 08:41:09'),
(399, 595, 2, '2019-02-09 08:41:18', '2019-02-09 08:41:18'),
(400, 596, 15, '2019-02-09 08:53:30', '2019-02-09 08:53:30'),
(401, 597, 15, '2019-02-09 08:53:35', '2019-02-09 08:53:35'),
(402, 598, 5, '2019-02-09 08:54:16', '2019-02-09 08:54:16'),
(403, 599, 15, '2019-02-09 08:54:43', '2019-02-09 08:54:43'),
(404, 600, 10, '2019-02-09 08:54:55', '2019-02-09 08:54:55'),
(405, 601, 10, '2019-02-09 08:55:02', '2019-02-09 08:55:02'),
(406, 602, 4, '2019-02-09 08:55:53', '2019-02-09 08:55:53'),
(407, 603, 4, '2019-02-09 08:56:01', '2019-02-09 08:56:01'),
(408, 604, 4, '2019-02-09 08:56:15', '2019-02-09 08:56:15'),
(409, 605, 4, '2019-02-09 08:56:22', '2019-02-09 08:56:22'),
(410, 606, 4, '2019-02-09 08:56:28', '2019-02-09 08:56:28'),
(411, 607, 1, '2019-02-09 08:56:43', '2019-02-09 08:56:43'),
(412, 608, 1, '2019-02-09 08:56:48', '2019-02-09 08:56:48'),
(413, 609, 5, '2019-02-09 08:57:06', '2019-02-09 08:57:06'),
(414, 610, 5, '2019-02-09 08:57:11', '2019-02-09 08:57:11'),
(415, 611, 5, '2019-02-09 08:57:16', '2019-02-09 08:57:16'),
(416, 612, 5, '2019-02-09 08:57:29', '2019-02-09 08:57:29'),
(417, 613, 5, '2019-02-09 08:57:33', '2019-02-09 08:57:33'),
(418, 614, 5, '2019-02-09 08:57:58', '2019-02-09 08:57:58'),
(419, 615, 5, '2019-02-09 08:58:45', '2019-02-09 08:58:45'),
(420, 616, 5, '2019-02-09 08:58:54', '2019-02-09 08:58:54'),
(421, 617, 5, '2019-02-09 08:59:16', '2019-02-09 08:59:16'),
(422, 618, 5, '2019-02-09 08:59:30', '2019-02-09 08:59:30'),
(423, 619, 10, '2019-02-09 08:59:49', '2019-02-09 08:59:49'),
(424, 620, 10, '2019-02-09 08:59:55', '2019-02-09 08:59:55'),
(425, 621, 5, '2019-02-09 09:00:12', '2019-02-09 09:00:12'),
(426, 622, 5, '2019-02-09 09:00:17', '2019-02-09 09:00:17'),
(427, 623, 2, '2019-02-09 09:00:50', '2019-02-09 09:00:50'),
(428, 624, 2, '2019-02-09 09:01:03', '2019-02-09 09:01:03'),
(429, 625, 2, '2019-02-09 09:01:23', '2019-02-09 09:01:23'),
(430, 626, 10, '2019-02-13 08:44:48', '2019-02-13 08:44:48'),
(431, 627, 10, '2019-02-13 08:45:00', '2019-02-13 08:45:00'),
(432, 628, 15, '2019-02-13 08:45:17', '2019-02-13 08:45:17'),
(433, 629, 15, '2019-02-13 08:45:24', '2019-02-13 08:45:24'),
(434, 630, 10, '2019-02-13 08:45:30', '2019-02-13 08:45:30'),
(435, 631, 15, '2019-02-13 08:45:42', '2019-02-13 08:45:42'),
(436, 632, 30, '2019-02-13 08:45:57', '2019-02-13 08:45:57'),
(437, 633, 30, '2019-02-13 08:46:04', '2019-02-13 08:46:04'),
(438, 634, 5, '2019-02-14 07:23:37', '2019-02-14 07:23:37'),
(439, 635, 5, '2019-02-14 07:23:42', '2019-02-14 07:23:42'),
(440, 636, 5, '2019-02-14 07:24:22', '2019-02-14 07:24:22'),
(441, 637, 5, '2019-02-14 07:24:28', '2019-02-14 07:24:28'),
(442, 638, 5, '2019-02-14 07:25:41', '2019-02-14 07:25:41'),
(443, 639, 5, '2019-02-14 07:25:46', '2019-02-14 07:25:46'),
(444, 640, 5, '2019-02-14 07:25:55', '2019-02-14 07:25:55'),
(445, 641, 5, '2019-02-14 07:27:57', '2019-02-14 07:27:57'),
(446, 642, 5, '2019-02-14 07:28:05', '2019-02-14 07:28:05'),
(447, 643, 5, '2019-02-14 07:28:20', '2019-02-14 07:28:20'),
(448, 644, 5, '2019-02-14 07:28:27', '2019-02-14 07:28:27'),
(449, 645, 5, '2019-02-14 07:28:35', '2019-02-14 07:28:35'),
(450, 646, 10, '2019-02-14 07:28:40', '2019-02-14 07:28:40'),
(451, 647, 10, '2019-02-14 07:28:43', '2019-02-14 07:28:43'),
(452, 648, 10, '2019-02-14 07:28:46', '2019-02-14 07:28:46'),
(453, 649, 5, '2019-02-14 07:28:57', '2019-02-14 07:28:57'),
(454, 650, 10, '2019-02-14 07:29:02', '2019-02-14 07:29:02'),
(455, 651, 5, '2019-02-14 07:29:07', '2019-02-14 07:29:07'),
(456, 652, 5, '2019-02-14 07:29:10', '2019-02-14 07:29:10'),
(457, 653, 5, '2019-02-14 07:29:12', '2019-02-14 07:29:12'),
(458, 654, 5, '2019-02-14 07:29:25', '2019-02-14 07:29:25'),
(459, 655, 5, '2019-02-14 07:29:29', '2019-02-14 07:29:29'),
(460, 656, 5, '2019-02-14 07:29:31', '2019-02-14 07:29:31'),
(461, 657, 5, '2019-02-14 07:29:34', '2019-02-14 07:29:34'),
(462, 658, 5, '2019-02-14 07:29:44', '2019-02-14 07:29:44'),
(463, 659, 5, '2019-02-14 07:29:46', '2019-02-14 07:29:46'),
(464, 660, 5, '2019-02-14 07:29:55', '2019-02-14 07:29:55'),
(465, 661, 5, '2019-02-14 07:29:57', '2019-02-14 07:29:57'),
(466, 662, 5, '2019-02-14 07:30:04', '2019-02-14 07:30:04'),
(467, 663, 5, '2019-02-14 07:30:09', '2019-02-14 07:30:09'),
(468, 664, 5, '2019-02-14 07:30:19', '2019-02-14 07:30:19'),
(469, 665, 5, '2019-02-14 07:30:26', '2019-02-14 07:30:26'),
(470, 666, 5, '2019-02-14 07:30:29', '2019-02-14 07:30:29'),
(471, 667, 5, '2019-02-14 07:30:35', '2019-02-14 07:30:35'),
(472, 668, 5, '2019-02-14 07:30:38', '2019-02-14 07:30:38'),
(473, 669, 5, '2019-02-14 07:30:43', '2019-02-14 07:30:43'),
(474, 670, 5, '2019-02-14 07:30:52', '2019-02-14 07:30:52'),
(475, 671, 5, '2019-02-14 07:31:00', '2019-02-14 07:31:00'),
(476, 672, 5, '2019-02-14 07:40:36', '2019-02-14 07:40:36'),
(477, 673, 10, '2019-02-14 07:40:43', '2019-02-14 07:40:43'),
(478, 674, 10, '2019-02-14 07:40:51', '2019-02-14 07:40:51'),
(479, 675, 10, '2019-02-14 07:40:57', '2019-02-14 07:40:57'),
(480, 676, 5, '2019-02-14 07:41:06', '2019-02-14 07:41:06'),
(481, 677, 2, '2019-02-14 07:41:17', '2019-02-14 07:41:17'),
(482, 678, 1, '2019-02-14 07:41:26', '2019-02-14 07:41:26'),
(483, 679, 1, '2019-02-14 07:54:34', '2019-02-14 07:54:34'),
(484, 680, 2, '2019-02-14 08:11:10', '2019-02-14 08:11:10'),
(485, 681, 2, '2019-02-14 08:51:18', '2019-02-14 08:51:18'),
(486, 682, 2, '2019-02-14 08:52:40', '2019-02-14 08:52:40'),
(487, 683, 2, '2019-02-14 08:53:08', '2019-02-14 08:53:08'),
(488, 684, 2, '2019-02-14 09:09:59', '2019-02-14 09:09:59'),
(489, 685, 2, '2019-02-14 09:14:12', '2019-02-14 09:14:12'),
(490, 686, 1, '2019-02-15 05:47:34', '2019-02-15 05:47:34'),
(491, 687, 1, '2019-02-15 05:56:47', '2019-02-15 05:56:47'),
(492, 688, 1, '2019-02-15 06:28:57', '2019-02-15 06:28:57'),
(493, 689, 1, '2019-02-15 07:15:55', '2019-02-15 07:15:55'),
(494, 690, 1, '2019-02-15 07:16:45', '2019-02-15 07:16:45'),
(495, 691, 3, '2019-02-15 07:19:20', '2019-02-15 07:19:20'),
(496, 692, 1, '2019-02-15 07:19:36', '2019-02-15 07:19:36'),
(497, 693, 1, '2019-02-16 03:13:23', '2019-02-16 03:13:23'),
(498, 694, 1, '2019-02-16 03:14:32', '2019-02-16 03:14:32'),
(499, 695, 1, '2019-02-16 03:21:56', '2019-02-16 03:21:56'),
(500, 696, 2, '2019-02-16 03:22:07', '2019-02-16 03:22:07'),
(501, 697, 2, '2019-02-16 03:22:13', '2019-02-16 03:22:13'),
(502, 698, 1, '2019-02-16 03:22:25', '2019-02-16 03:22:25'),
(503, 699, 3, '2019-02-16 03:49:49', '2019-02-16 03:49:49'),
(504, 700, 3, '2019-02-16 03:50:01', '2019-02-16 03:50:01'),
(505, 701, 3, '2019-02-16 03:50:10', '2019-02-16 03:50:10'),
(506, 702, 5, '2019-02-16 04:38:44', '2019-02-16 04:38:44'),
(507, 703, 10, '2019-02-16 04:39:04', '2019-02-16 04:39:04'),
(508, 704, 10, '2019-02-16 04:39:12', '2019-02-16 04:39:12'),
(509, 705, 10, '2019-02-16 04:39:23', '2019-02-16 04:39:23'),
(510, 706, 3, '2019-02-16 04:39:42', '2019-02-16 04:39:42'),
(511, 707, 3, '2019-02-16 04:39:53', '2019-02-16 04:39:53'),
(512, 708, 5, '2019-02-16 04:41:02', '2019-02-16 04:41:02'),
(513, 709, 5, '2019-02-16 04:41:10', '2019-02-16 04:41:10'),
(514, 710, 5, '2019-02-16 04:41:16', '2019-02-16 04:41:16'),
(515, 711, 5, '2019-02-16 04:41:24', '2019-02-16 04:41:24'),
(516, 712, 5, '2019-02-16 05:30:09', '2019-02-16 05:30:09'),
(517, 713, 10, '2019-02-16 05:30:15', '2019-02-16 05:30:15'),
(518, 714, 10, '2019-02-16 05:30:26', '2019-02-16 05:30:26'),
(519, 715, 10, '2019-02-16 05:30:35', '2019-02-16 05:30:35'),
(520, 716, 5, '2019-02-16 05:30:46', '2019-02-16 05:30:46'),
(521, 717, 5, '2019-02-16 05:34:38', '2019-02-16 05:34:38'),
(522, 718, 5, '2019-02-16 05:34:45', '2019-02-16 05:34:45'),
(523, 719, 5, '2019-02-16 05:34:52', '2019-02-16 05:34:52'),
(524, 720, 5, '2019-02-16 05:35:00', '2019-02-16 05:35:00'),
(525, 721, 5, '2019-02-16 05:35:22', '2019-02-16 05:35:22'),
(526, 722, 5, '2019-02-16 05:35:27', '2019-02-16 05:35:27'),
(527, 723, 5, '2019-02-16 05:35:32', '2019-02-16 05:35:32'),
(528, 724, 5, '2019-02-16 05:35:39', '2019-02-16 05:35:39'),
(529, 725, 5, '2019-02-16 05:35:44', '2019-02-16 05:35:44'),
(530, 726, 10, '2019-02-16 05:36:28', '2019-02-16 05:36:28'),
(531, 727, 10, '2019-02-16 05:36:36', '2019-02-16 05:36:36'),
(532, 728, 10, '2019-02-16 05:41:51', '2019-02-16 05:41:51'),
(533, 729, 10, '2019-02-16 07:10:23', '2019-02-16 07:10:23'),
(534, 730, 5, '2019-02-16 09:45:27', '2019-02-18 03:21:00'),
(535, 731, 5, '2019-02-18 03:24:48', '2019-02-18 03:24:48'),
(536, 732, 5, '2019-02-18 03:26:04', '2019-02-18 03:26:04'),
(537, 733, 2, '2019-02-18 04:29:35', '2019-02-18 04:29:35'),
(538, 736, 5, '2019-02-18 05:25:32', '2019-02-18 05:25:32'),
(539, 737, 5, '2019-02-18 05:28:00', '2019-02-18 05:28:00'),
(540, 738, 5, '2019-02-18 05:48:23', '2019-02-18 05:48:23'),
(541, 739, 5, '2019-02-18 05:57:25', '2019-02-18 05:57:25'),
(542, 740, 5, '2019-02-18 06:03:30', '2019-02-18 06:03:30'),
(543, 741, 5, '2019-02-18 06:07:06', '2019-02-18 06:07:06'),
(544, 742, 5, '2019-02-18 06:07:48', '2019-02-18 06:07:48'),
(545, 743, 5, '2019-02-18 06:10:28', '2019-02-18 06:10:28'),
(546, 744, 5, '2019-02-18 06:21:12', '2019-02-18 06:21:12'),
(547, 745, 5, '2019-02-18 06:34:51', '2019-02-18 06:34:51'),
(548, 746, 5, '2019-02-18 06:38:15', '2019-02-18 06:38:15'),
(549, 747, 5, '2019-02-18 06:38:40', '2019-02-18 06:38:40'),
(550, 748, 5, '2019-02-18 06:58:09', '2019-02-18 06:58:09'),
(551, 749, 5, '2019-02-18 06:58:42', '2019-02-18 06:58:42'),
(552, 750, 5, '2019-02-18 06:58:55', '2019-02-18 06:58:55'),
(553, 751, 5, '2019-02-18 06:59:49', '2019-02-18 06:59:49'),
(554, 752, 15, '2019-02-18 08:11:16', '2019-02-18 08:11:16'),
(555, 753, 10, '2019-02-19 05:01:32', '2019-02-19 05:01:32'),
(556, 757, 3, '2019-02-19 05:35:45', '2019-02-19 05:35:45'),
(557, 758, 3, '2019-02-19 05:36:43', '2019-02-19 05:36:43'),
(558, 759, 5, '2019-02-19 05:37:32', '2019-02-19 05:37:32'),
(559, 760, 10, '2019-02-19 05:37:39', '2019-02-19 05:37:39'),
(560, 761, 5, '2019-02-19 05:38:34', '2019-02-19 05:38:34'),
(561, 762, 5, '2019-02-19 05:39:29', '2019-02-19 05:39:29'),
(562, 763, 5, '2019-02-19 05:39:36', '2019-02-19 05:39:36'),
(563, 764, 5, '2019-02-19 05:40:29', '2019-02-19 05:40:29'),
(564, 765, 10, '2019-02-19 05:43:53', '2019-02-19 05:43:53'),
(565, 766, 10, '2019-02-19 05:45:18', '2019-02-19 05:45:18'),
(566, 767, 10, '2019-02-19 05:45:55', '2019-02-19 05:45:55'),
(567, 768, 10, '2019-02-19 06:15:56', '2019-02-19 06:15:56'),
(568, 769, 10, '2019-02-19 06:16:48', '2019-02-19 06:16:48'),
(569, 770, 2, '2019-02-19 06:29:18', '2019-02-19 06:29:18'),
(570, 771, 5, '2019-02-19 06:40:26', '2019-02-19 06:40:26'),
(571, 772, 5, '2019-02-19 06:40:56', '2019-02-19 06:40:56'),
(572, 773, 5, '2019-02-19 06:41:00', '2019-02-19 06:41:00'),
(573, 774, 5, '2019-02-19 06:41:06', '2019-02-19 06:41:06'),
(574, 775, 1, '2019-02-21 03:33:23', '2019-02-21 03:33:23'),
(575, 776, 1, '2019-02-21 03:33:34', '2019-02-21 03:33:34'),
(576, 777, 2, '2019-02-21 04:34:14', '2019-02-21 04:34:14'),
(577, 778, 2, '2019-02-21 04:34:18', '2019-02-21 04:34:18'),
(578, 779, 2, '2019-02-21 04:34:27', '2019-02-21 04:34:27'),
(579, 780, 2, '2019-02-21 04:34:32', '2019-02-21 04:34:32'),
(580, 781, 2, '2019-02-21 04:34:42', '2019-02-21 04:34:42'),
(581, 782, 2, '2019-02-21 04:34:48', '2019-02-21 04:34:48'),
(582, 783, 2, '2019-02-21 04:34:50', '2019-02-21 04:34:50'),
(583, 784, 2, '2019-02-21 04:34:54', '2019-02-21 04:34:54'),
(584, 785, 2, '2019-02-21 04:34:57', '2019-02-21 04:34:57'),
(585, 786, 3, '2019-02-21 04:35:36', '2019-02-21 04:35:36'),
(586, 787, 2, '2019-02-21 04:35:42', '2019-02-21 04:35:42'),
(587, 788, 2, '2019-02-21 04:35:50', '2019-02-21 04:35:50'),
(588, 789, 3, '2019-02-21 04:35:55', '2019-02-21 04:35:55'),
(589, 790, 5, '2019-02-21 04:36:06', '2019-02-21 04:36:06'),
(590, 791, 5, '2019-02-21 04:36:13', '2019-02-21 04:36:13'),
(591, 792, 5, '2019-02-21 04:36:19', '2019-02-21 04:36:19'),
(592, 793, 5, '2019-02-21 04:36:24', '2019-02-21 04:36:24'),
(593, 794, 10, '2019-02-21 04:36:36', '2019-02-21 04:36:36'),
(594, 795, 10, '2019-02-21 04:37:13', '2019-02-21 04:37:13'),
(595, 796, 5, '2019-02-21 04:55:39', '2019-02-21 04:55:39'),
(596, 797, 5, '2019-02-21 04:56:41', '2019-02-21 04:56:41'),
(597, 798, 5, '2019-02-21 05:10:42', '2019-02-21 05:10:42'),
(598, 799, 1, '2019-02-21 05:12:35', '2019-02-21 05:12:35'),
(599, 800, 5, '2019-02-21 05:13:48', '2019-02-21 05:13:48'),
(600, 801, 2, '2019-02-21 06:24:14', '2019-02-21 06:24:14'),
(601, 802, 5, '2019-02-21 06:24:48', '2019-02-21 06:24:48'),
(602, 803, 5, '2019-02-21 06:25:26', '2019-02-21 06:25:26'),
(603, 804, 5, '2019-02-21 06:37:33', '2019-02-21 06:37:33'),
(604, 805, 5, '2019-02-21 06:38:42', '2019-02-21 06:38:42'),
(605, 807, 3, '2019-02-25 05:16:40', '2019-02-25 05:16:40'),
(606, 808, 3, '2019-02-25 05:17:14', '2019-02-25 05:17:14'),
(607, 809, 3, '2019-02-25 05:17:55', '2019-02-25 05:17:55'),
(608, 810, 3, '2019-02-25 05:18:57', '2019-02-25 05:18:57'),
(609, 811, 3, '2019-02-25 05:20:29', '2019-02-25 05:20:29'),
(610, 812, 3, '2019-02-25 05:22:02', '2019-02-25 05:22:02'),
(611, 813, 8, '2019-02-25 06:07:15', '2019-02-25 06:07:15'),
(612, 814, 8, '2019-02-25 06:07:44', '2019-02-25 06:07:44'),
(613, 815, 8, '2019-02-25 08:18:24', '2019-02-25 08:18:24'),
(614, 816, 8, '2019-02-25 08:18:31', '2019-02-25 08:18:31'),
(615, 817, 10, '2019-02-25 08:24:23', '2019-02-25 08:24:23'),
(616, 818, 4, '2019-02-27 03:37:43', '2019-02-27 03:37:43'),
(617, 819, 2, '2019-02-27 03:43:14', '2019-02-27 03:43:14'),
(618, 820, 2, '2019-02-27 03:48:37', '2019-02-27 03:48:37'),
(619, 821, 2, '2019-02-27 04:03:04', '2019-02-27 04:03:04'),
(620, 822, 3, '2019-02-27 05:04:59', '2019-02-27 05:04:59'),
(621, 823, 10, '2019-02-27 05:06:12', '2019-02-27 05:06:12'),
(622, 824, 3, '2019-02-27 05:17:26', '2019-02-27 05:17:26'),
(623, 825, 3, '2019-02-27 05:17:34', '2019-02-27 05:17:34'),
(624, 826, 3, '2019-02-27 05:18:09', '2019-02-27 05:18:09'),
(625, 827, 3, '2019-02-27 05:18:13', '2019-02-27 05:18:13'),
(626, 828, 3, '2019-02-27 05:18:16', '2019-02-27 05:18:16'),
(627, 829, 3, '2019-02-27 05:18:43', '2019-02-27 05:18:43'),
(628, 830, 3, '2019-02-27 05:19:12', '2019-02-27 05:19:12'),
(629, 831, 30, '2019-02-27 05:25:06', '2019-02-27 05:25:06'),
(630, 832, 3, '2019-02-27 05:54:40', '2019-02-27 05:54:53'),
(631, 833, 30, '2019-02-27 05:55:41', '2019-02-27 05:55:41'),
(632, 834, 20, '2019-02-28 05:14:52', '2019-02-28 05:14:52'),
(633, 835, 30, '2019-02-28 05:41:39', '2019-02-28 05:41:39'),
(634, 836, 5, '2019-02-28 05:41:46', '2019-02-28 05:41:46'),
(635, 837, 5, '2019-02-28 05:42:41', '2019-02-28 05:42:41'),
(636, 838, 20, '2019-02-28 05:43:18', '2019-02-28 05:43:18'),
(637, 839, 20, '2019-02-28 05:43:32', '2019-02-28 05:43:32'),
(638, 840, 5, '2019-02-28 05:59:09', '2019-02-28 05:59:09'),
(639, 841, 2, '2019-02-28 07:05:59', '2019-02-28 07:05:59'),
(640, 842, 10, '2019-02-28 07:06:07', '2019-02-28 07:06:07'),
(641, 843, 5, '2019-02-28 07:06:14', '2019-02-28 07:06:14'),
(642, 844, 5, '2019-02-28 07:06:18', '2019-02-28 07:06:18'),
(643, 845, 2, '2019-02-28 07:06:26', '2019-02-28 07:06:26'),
(644, 846, 2, '2019-02-28 07:08:25', '2019-02-28 07:08:25'),
(645, 847, 5, '2019-02-28 07:08:32', '2019-02-28 07:08:32'),
(646, 848, 2, '2019-02-28 07:08:39', '2019-02-28 07:08:39'),
(647, 849, 2, '2019-02-28 07:08:44', '2019-02-28 07:08:44'),
(648, 850, 2, '2019-02-28 07:08:48', '2019-02-28 07:08:48'),
(649, 851, 2, '2019-02-28 07:08:52', '2019-02-28 07:08:52'),
(650, 852, 2, '2019-02-28 07:08:56', '2019-02-28 07:08:56'),
(651, 853, 2, '2019-02-28 07:10:02', '2019-02-28 07:10:02'),
(652, 854, 5, '2019-02-28 07:10:07', '2019-02-28 07:10:07'),
(653, 855, 2, '2019-02-28 07:10:14', '2019-02-28 07:10:14'),
(654, 856, 2, '2019-02-28 07:10:21', '2019-02-28 07:10:21'),
(655, 857, 2, '2019-02-28 07:10:26', '2019-02-28 07:10:26'),
(656, 858, 10, '2019-02-28 08:38:11', '2019-02-28 08:38:11'),
(657, 859, 10, '2019-02-28 08:38:30', '2019-02-28 08:38:30'),
(658, 860, 20, '2019-02-28 08:39:00', '2019-02-28 08:39:00'),
(659, 861, 20, '2019-02-28 08:39:04', '2019-02-28 08:39:04'),
(660, 862, 2, '2019-02-28 08:39:12', '2019-02-28 08:39:12'),
(661, 863, 10, '2019-02-28 08:41:09', '2019-02-28 08:41:09'),
(662, 864, 10, '2019-02-28 08:41:13', '2019-02-28 08:41:13'),
(663, 865, 10, '2019-02-28 08:41:17', '2019-02-28 08:41:17'),
(664, 866, 5, '2019-03-04 06:04:55', '2019-03-04 06:04:55'),
(665, 867, 5, '2019-03-04 06:06:24', '2019-03-04 06:06:24'),
(666, 868, 3, '2019-03-04 08:49:34', '2019-03-04 08:49:34'),
(667, 869, 3, '2019-03-04 08:52:58', '2019-03-04 08:52:58'),
(668, 870, 5, '2019-03-04 09:04:24', '2019-03-04 09:04:24'),
(669, 871, 2, '2019-03-04 09:06:09', '2019-03-04 09:06:09'),
(670, 872, 2, '2019-03-04 09:42:12', '2019-03-04 09:42:12'),
(671, 873, 1, '2019-03-04 09:58:12', '2019-03-04 09:58:12'),
(672, 874, 1, '2019-03-04 09:58:44', '2019-03-04 09:58:44'),
(673, 875, 20, '2019-03-06 05:23:31', '2019-03-06 05:23:31'),
(674, 876, 20, '2019-03-06 05:25:34', '2019-03-06 05:25:34'),
(675, 877, 10, '2019-03-06 05:47:41', '2019-03-06 05:47:41'),
(676, 878, 10, '2019-03-06 06:11:52', '2019-03-06 06:11:52'),
(677, 879, 5, '2019-03-07 05:47:14', '2019-03-07 05:47:14'),
(678, 880, 5, '2019-03-07 05:47:20', '2019-03-07 05:47:20'),
(679, 881, 5, '2019-03-07 05:47:24', '2019-03-07 05:47:24'),
(680, 882, 5, '2019-03-07 05:47:28', '2019-03-07 05:47:28'),
(681, 883, 5, '2019-03-07 05:47:50', '2019-03-07 05:47:50'),
(682, 884, 5, '2019-03-07 05:47:54', '2019-03-07 05:47:54'),
(683, 885, 5, '2019-03-07 05:47:57', '2019-03-07 05:47:57'),
(684, 886, 5, '2019-03-07 05:48:47', '2019-03-07 05:48:47'),
(685, 887, 5, '2019-03-07 05:48:53', '2019-03-07 05:48:53'),
(686, 888, 5, '2019-03-07 05:49:04', '2019-03-07 05:49:04'),
(687, 889, 5, '2019-03-07 05:49:11', '2019-03-07 05:49:11'),
(688, 890, 5, '2019-03-07 05:50:00', '2019-03-07 05:50:00'),
(689, 891, 10, '2019-03-07 05:50:06', '2019-03-07 05:50:06'),
(690, 892, 10, '2019-03-07 05:50:10', '2019-03-07 05:50:10'),
(691, 893, 5, '2019-03-07 05:50:15', '2019-03-07 05:50:15'),
(692, 894, 5, '2019-03-07 05:50:18', '2019-03-07 05:50:18'),
(693, 895, 10, '2019-03-07 05:50:25', '2019-03-07 05:50:25'),
(694, 896, 5, '2019-03-07 05:50:31', '2019-03-07 05:50:31'),
(695, 897, 5, '2019-03-07 05:50:34', '2019-03-07 05:50:34'),
(696, 898, 5, '2019-03-07 05:50:37', '2019-03-07 05:50:37'),
(697, 899, 5, '2019-03-07 05:50:41', '2019-03-07 05:50:41'),
(698, 900, 5, '2019-03-07 05:50:45', '2019-03-07 05:50:45'),
(699, 901, 5, '2019-03-07 05:50:45', '2019-03-07 05:50:45'),
(700, 902, 5, '2019-03-07 05:50:51', '2019-03-07 05:50:51'),
(701, 903, 5, '2019-03-07 05:50:54', '2019-03-07 05:50:54'),
(702, 904, 5, '2019-03-07 05:50:57', '2019-03-07 05:50:57'),
(703, 905, 5, '2019-03-07 05:51:02', '2019-03-07 05:51:02'),
(704, 906, 5, '2019-03-07 05:51:05', '2019-03-07 05:51:05'),
(705, 907, 5, '2019-03-07 05:51:09', '2019-03-07 05:51:09'),
(706, 908, 5, '2019-03-07 05:51:12', '2019-03-07 05:51:12'),
(707, 909, 5, '2019-03-07 05:51:16', '2019-03-07 05:51:16'),
(708, 910, 5, '2019-03-07 05:51:21', '2019-03-07 05:51:21'),
(709, 911, 5, '2019-03-07 05:51:24', '2019-03-07 05:51:24'),
(710, 912, 5, '2019-03-07 05:51:27', '2019-03-07 05:51:27'),
(711, 913, 5, '2019-03-07 05:51:30', '2019-03-07 05:51:30'),
(712, 914, 5, '2019-03-07 05:51:34', '2019-03-07 05:51:34'),
(713, 915, 5, '2019-03-07 05:51:37', '2019-03-07 05:51:37'),
(714, 916, 5, '2019-03-07 05:51:42', '2019-03-07 05:51:42'),
(715, 917, 5, '2019-03-07 05:51:45', '2019-03-07 05:51:45'),
(716, 918, 5, '2019-03-07 05:58:18', '2019-03-07 05:58:18'),
(717, 919, 5, '2019-03-07 05:58:36', '2019-03-07 05:58:36'),
(718, 920, 5, '2019-03-07 05:58:47', '2019-03-07 05:58:47'),
(719, 921, 5, '2019-03-07 05:58:50', '2019-03-07 05:58:50'),
(720, 922, 5, '2019-03-07 05:58:53', '2019-03-07 05:58:53'),
(721, 923, 5, '2019-03-07 05:58:56', '2019-03-07 05:58:56'),
(722, 924, 1, '2019-03-07 05:59:04', '2019-03-07 05:59:04'),
(723, 925, 3, '2019-03-07 06:04:08', '2019-03-07 06:04:08'),
(724, 926, 3, '2019-03-07 06:04:25', '2019-03-07 06:04:25'),
(725, 927, 3, '2019-03-07 06:04:29', '2019-03-07 06:04:29'),
(726, 928, 3, '2019-03-07 06:04:33', '2019-03-07 06:04:33'),
(727, 929, 3, '2019-03-07 06:04:40', '2019-03-07 06:04:40'),
(728, 930, 3, '2019-03-07 06:18:56', '2019-03-07 06:18:56'),
(729, 931, 5, '2019-03-07 06:51:13', '2019-03-07 06:51:13'),
(730, 932, 5, '2019-03-07 06:51:18', '2019-03-07 06:51:18'),
(731, 933, 5, '2019-03-07 06:51:24', '2019-03-07 06:51:24'),
(732, 934, 5, '2019-03-07 06:51:29', '2019-03-07 06:51:29'),
(733, 935, 5, '2019-03-07 06:51:36', '2019-03-07 06:51:36'),
(734, 941, 20, '2019-03-08 06:29:11', '2019-03-08 06:29:11'),
(735, 942, 5, '2019-03-08 07:30:10', '2019-03-08 07:30:10'),
(736, 943, 5, '2019-03-08 07:31:05', '2019-03-08 07:31:05'),
(737, 944, 5, '2019-03-08 07:32:18', '2019-03-08 07:32:18'),
(738, 945, 5, '2019-03-08 07:33:16', '2019-03-08 07:33:16'),
(739, 946, 20, '2019-03-09 06:01:50', '2019-03-09 06:01:50'),
(740, 947, 5, '2019-03-11 07:36:52', '2019-03-11 07:36:52'),
(741, 948, 5, '2019-03-11 07:44:46', '2019-03-11 07:44:46'),
(742, 949, 5, '2019-03-11 07:45:18', '2019-03-11 07:45:18'),
(743, 950, 5, '2019-03-11 07:45:50', '2019-03-11 07:45:50'),
(744, 951, 5, '2019-03-11 07:46:26', '2019-03-11 07:46:26'),
(745, 952, 10, '2019-03-11 07:48:23', '2019-03-11 07:48:23'),
(746, 953, 10, '2019-03-11 07:51:58', '2019-03-11 07:51:58'),
(747, 954, 15, '2019-03-11 07:52:23', '2019-03-11 07:52:23'),
(748, 955, 5, '2019-03-11 07:53:19', '2019-03-11 07:53:19'),
(749, 956, 5, '2019-03-11 07:53:43', '2019-03-11 07:53:43'),
(750, 957, 10, '2019-03-11 07:53:59', '2019-03-11 07:53:59'),
(751, 980, 20, '2019-03-13 07:57:12', '2019-03-13 07:57:12'),
(752, 1002, 20, '2019-03-14 07:22:01', '2019-03-14 07:22:01'),
(753, 1003, 20, '2019-03-14 07:26:22', '2019-03-14 07:26:22'),
(754, 1004, 20, '2019-03-14 07:27:21', '2019-03-14 07:27:21'),
(755, 1005, 2, '2019-03-14 07:50:50', '2019-03-14 07:50:50'),
(756, 1006, 2, '2019-03-14 07:51:43', '2019-03-14 07:51:43'),
(757, 1007, 2, '2019-03-14 07:52:44', '2019-03-14 07:52:44'),
(758, 1008, 3, '2019-03-14 08:30:30', '2019-03-14 08:30:30'),
(759, 1009, 3, '2019-03-14 08:30:35', '2019-03-14 08:30:35'),
(760, 1010, 3, '2019-03-14 08:30:44', '2019-03-14 08:30:44'),
(761, 1011, 3, '2019-03-14 08:30:48', '2019-03-14 08:30:48'),
(762, 1012, 3, '2019-03-14 08:31:00', '2019-03-14 08:31:00'),
(763, 1013, 1, '2019-03-14 08:32:57', '2019-03-14 08:32:57'),
(764, 1014, 1, '2019-03-14 08:33:02', '2019-03-14 08:33:02'),
(765, 1015, 1, '2019-03-14 08:33:06', '2019-03-14 08:33:06'),
(766, 1016, 1, '2019-03-16 05:04:28', '2019-03-16 05:04:28'),
(767, 1017, 1, '2019-03-16 05:04:40', '2019-03-16 05:04:40'),
(768, 1018, 1, '2019-03-16 05:04:46', '2019-03-16 05:04:46'),
(769, 1019, 1, '2019-03-16 05:04:53', '2019-03-16 05:04:53'),
(770, 1020, 1, '2019-03-16 05:05:09', '2019-03-16 05:05:09'),
(771, 1021, 3, '2019-03-16 05:05:41', '2019-03-16 05:05:41'),
(772, 1022, 3, '2019-03-16 05:05:50', '2019-03-16 05:05:50'),
(773, 1023, 3, '2019-03-16 05:20:37', '2019-03-16 05:20:37'),
(774, 1024, 5, '2019-03-16 05:20:42', '2019-03-16 05:20:42'),
(775, 1025, 5, '2019-03-16 05:20:49', '2019-03-16 05:20:49'),
(776, 1026, 2, '2019-03-16 05:20:55', '2019-03-16 05:20:55'),
(777, 1027, 2, '2019-03-16 05:26:38', '2019-03-16 05:26:38'),
(778, 1028, 2, '2019-03-16 05:26:42', '2019-03-16 05:26:42'),
(779, 1029, 2, '2019-03-16 05:26:52', '2019-03-16 05:26:52'),
(780, 1030, 2, '2019-03-16 05:26:55', '2019-03-16 05:26:55'),
(781, 1031, 2, '2019-03-16 05:26:59', '2019-03-16 05:26:59'),
(782, 1032, 20, '2019-03-16 05:54:41', '2019-03-16 05:54:41'),
(783, 1033, 20, '2019-03-16 07:32:58', '2019-03-16 07:32:58'),
(784, 1034, 20, '2019-03-16 07:34:43', '2019-03-16 07:34:43'),
(785, 1035, 10, '2019-03-16 07:36:35', '2019-03-16 07:36:35'),
(786, 1036, 3, '2019-03-18 07:20:52', '2019-03-18 07:20:52'),
(787, 1037, 3, '2019-03-18 07:21:02', '2019-03-18 07:21:02'),
(788, 1038, 3, '2019-03-18 07:21:11', '2019-03-18 07:21:11'),
(789, 1039, 3, '2019-03-18 07:21:32', '2019-03-18 07:21:32'),
(790, 1040, 3, '2019-03-18 07:21:48', '2019-03-18 07:21:48'),
(791, 1041, 3, '2019-03-18 07:23:00', '2019-03-18 07:23:00'),
(792, 1042, 3, '2019-03-18 07:23:15', '2019-03-18 07:23:15'),
(793, 1043, 3, '2019-03-18 07:23:23', '2019-03-18 07:23:23'),
(794, 1044, 3, '2019-03-18 07:23:30', '2019-03-18 07:23:30'),
(795, 1045, 3, '2019-03-18 07:23:35', '2019-03-18 07:23:35'),
(796, 1046, 3, '2019-03-18 08:25:07', '2019-03-18 08:25:07'),
(797, 1047, 1, '2019-03-18 08:26:14', '2019-03-18 08:26:14'),
(798, 1048, 6, '2019-03-18 08:55:42', '2019-03-18 08:55:42'),
(799, 1049, 10, '2019-03-18 08:56:12', '2019-03-18 08:56:12'),
(800, 1050, 10, '2019-03-18 08:57:06', '2019-03-18 08:57:06'),
(801, 1051, 1, '2019-03-18 09:02:39', '2019-03-18 09:02:39'),
(802, 1052, 5, '2019-03-25 07:40:40', '2019-03-25 07:40:40'),
(803, 1053, 20, '2019-03-25 08:48:18', '2019-03-25 08:48:18'),
(804, 1054, 10, '2019-03-25 08:51:05', '2019-03-25 08:51:05'),
(805, 1055, 30, '2019-03-25 08:51:36', '2019-03-25 08:51:36'),
(806, 1056, 10, '2019-03-25 08:52:05', '2019-03-25 08:52:05'),
(807, 1057, 10, '2019-03-25 08:52:57', '2019-03-25 08:52:57'),
(808, 1058, 10, '2019-03-25 08:58:36', '2019-03-25 08:58:36'),
(809, 1059, 10, '2019-03-25 09:03:48', '2019-03-25 09:03:48'),
(810, 1060, 10, '2019-03-25 09:04:15', '2019-03-25 09:04:15'),
(811, 1061, 10, '2019-03-25 09:04:33', '2019-03-25 09:04:33'),
(812, 1062, 5, '2019-03-25 09:05:52', '2019-03-25 09:05:52'),
(813, 352, 50, '2019-03-26 07:18:50', '2019-03-26 07:18:50'),
(814, 353, 50, '2019-03-26 07:19:23', '2019-03-26 07:19:23'),
(815, 1063, 5, '2019-03-27 05:50:05', '2019-03-27 05:50:05'),
(816, 1064, 5, '2019-03-30 05:38:29', '2019-03-30 05:38:29'),
(817, 1065, 5, '2019-03-30 05:38:45', '2019-03-30 05:38:45'),
(818, 1066, 5, '2019-04-01 06:27:55', '2019-04-01 06:27:55'),
(819, 1067, 5, '2019-04-01 06:28:28', '2019-04-01 06:28:28'),
(820, 1068, 1, '2019-04-01 06:33:54', '2019-04-01 06:33:54'),
(821, 1069, 1, '2019-04-01 06:40:39', '2019-04-01 06:40:39'),
(822, 1070, 5, '2019-04-02 09:14:44', '2019-04-02 09:14:44'),
(823, 1071, 5, '2019-04-02 09:15:02', '2019-04-02 09:15:02'),
(824, 1072, 5, '2019-04-02 09:15:46', '2019-04-02 09:15:46'),
(825, 1073, 5, '2019-04-02 09:15:58', '2019-04-02 09:15:58'),
(826, 1074, 5, '2019-04-02 09:16:16', '2019-04-02 09:16:16'),
(827, 1075, 5, '2019-04-02 09:16:45', '2019-04-02 09:16:45'),
(828, 1076, 5, '2019-04-02 09:17:23', '2019-04-02 09:17:23'),
(829, 1077, 5, '2019-04-02 09:17:39', '2019-04-02 09:17:39'),
(830, 1078, 5, '2019-04-02 09:17:54', '2019-04-02 09:17:54'),
(831, 1079, 5, '2019-04-02 09:18:15', '2019-04-02 09:18:15'),
(832, 1080, 5, '2019-04-02 09:18:46', '2019-04-02 09:18:46'),
(833, 1081, 5, '2019-04-02 09:19:06', '2019-04-02 09:19:06'),
(834, 1082, 5, '2019-04-02 09:19:42', '2019-04-02 09:19:42'),
(835, 1083, 5, '2019-04-02 09:20:00', '2019-04-02 09:20:00'),
(836, 1084, 5, '2019-04-02 09:20:16', '2019-04-02 09:20:16'),
(837, 1085, 5, '2019-04-02 09:20:34', '2019-04-02 09:20:34'),
(838, 1086, 5, '2019-04-02 09:49:03', '2019-04-02 09:49:03'),
(839, 1087, 5, '2019-04-02 09:49:24', '2019-04-02 09:49:24'),
(840, 1088, 6, '2019-04-09 06:17:50', '2019-04-09 06:17:50'),
(841, 1089, 6, '2019-04-09 06:20:34', '2019-04-09 06:20:34'),
(842, 1090, 6, '2019-04-09 06:45:00', '2019-04-09 06:45:00'),
(843, 1091, 6, '2019-04-09 06:45:17', '2019-04-09 06:45:17'),
(844, 1092, 6, '2019-04-09 06:45:25', '2019-04-09 06:45:25'),
(845, 1093, 6, '2019-04-09 06:45:39', '2019-04-09 06:45:39'),
(846, 1094, 6, '2019-04-09 06:45:45', '2019-04-09 06:45:45'),
(847, 1095, 6, '2019-04-09 06:45:54', '2019-04-09 06:45:54'),
(848, 1096, 6, '2019-04-09 06:46:04', '2019-04-09 06:46:04'),
(849, 1097, 6, '2019-04-09 06:46:15', '2019-04-09 06:46:15'),
(850, 1098, 6, '2019-04-09 06:46:39', '2019-04-09 06:46:39'),
(851, 1099, 2, '2019-04-09 08:22:07', '2019-04-09 08:22:07'),
(852, 1100, 2, '2019-04-09 08:22:24', '2019-04-09 08:22:24'),
(853, 1101, 2, '2019-04-09 08:22:31', '2019-04-09 08:22:31'),
(854, 1102, 2, '2019-04-09 08:22:38', '2019-04-09 08:22:38'),
(855, 1103, 2, '2019-04-09 08:22:45', '2019-04-09 08:22:45'),
(856, 1104, 2, '2019-04-09 08:22:48', '2019-04-09 08:22:48'),
(857, 1105, 2, '2019-04-09 08:22:54', '2019-04-09 08:22:54'),
(858, 1106, 2, '2019-04-09 08:23:02', '2019-04-09 08:23:02'),
(859, 1107, 2, '2019-04-09 08:23:05', '2019-04-09 08:23:05'),
(860, 1108, 2, '2019-04-09 08:23:09', '2019-04-09 08:23:09'),
(861, 1109, 2, '2019-04-09 08:23:16', '2019-04-09 08:23:16'),
(862, 1110, 2, '2019-04-09 08:23:22', '2019-04-09 08:23:22'),
(863, 1111, 2, '2019-04-09 08:23:25', '2019-04-09 08:23:25'),
(864, 1112, 2, '2019-04-09 08:27:27', '2019-04-09 08:27:27'),
(865, 1113, 2, '2019-04-09 08:27:36', '2019-04-09 08:27:36'),
(866, 1114, 2, '2019-04-09 08:27:40', '2019-04-09 08:27:40'),
(867, 1115, 2, '2019-04-09 08:27:47', '2019-04-09 08:27:47'),
(868, 1116, 2, '2019-04-09 08:27:58', '2019-04-09 08:27:58'),
(869, 1117, 2, '2019-04-09 08:28:02', '2019-04-09 08:28:02'),
(870, 1118, 2, '2019-04-09 08:28:06', '2019-04-09 08:28:06'),
(871, 1119, 2, '2019-04-09 08:28:16', '2019-04-09 08:28:16'),
(872, 1120, 2, '2019-04-09 08:28:19', '2019-04-09 08:28:19'),
(873, 1121, 2, '2019-04-09 08:28:26', '2019-04-09 08:28:26'),
(874, 1122, 2, '2019-04-09 08:28:32', '2019-04-09 08:28:32'),
(875, 1123, 2, '2019-04-09 08:28:36', '2019-04-09 08:28:36'),
(876, 1124, 2, '2019-04-09 08:28:40', '2019-04-09 08:28:40'),
(877, 1125, 2, '2019-04-09 08:28:46', '2019-04-09 08:28:46'),
(878, 1126, 5, '2019-04-16 06:34:30', '2019-04-16 06:34:30'),
(879, 1127, 5, '2019-04-16 06:34:55', '2019-04-16 06:34:55'),
(880, 1128, 5, '2019-04-16 07:14:48', '2019-04-16 07:14:48'),
(881, 201, 30, '2019-04-30 05:20:40', '2019-04-30 05:20:40'),
(882, 202, 20, '2019-04-30 05:20:50', '2019-04-30 05:20:50'),
(883, 205, 20, '2019-04-30 05:20:58', '2019-04-30 05:20:58'),
(884, 206, 20, '2019-04-30 05:21:04', '2019-04-30 05:21:04'),
(885, 207, 10, '2019-04-30 05:21:09', '2019-04-30 05:21:09'),
(886, 208, 10, '2019-04-30 05:21:17', '2019-04-30 05:21:17'),
(887, 209, 5, '2019-04-30 05:21:26', '2019-04-30 05:21:26'),
(888, 210, 10, '2019-04-30 05:21:32', '2019-04-30 05:21:32'),
(889, 211, 10, '2019-04-30 05:21:38', '2019-04-30 05:21:38'),
(890, 216, 10, '2019-04-30 05:22:20', '2019-04-30 05:22:20'),
(891, 217, 10, '2019-04-30 05:22:27', '2019-04-30 05:22:27'),
(892, 218, 10, '2019-04-30 05:22:35', '2019-04-30 05:22:35'),
(893, 219, 10, '2019-04-30 05:22:41', '2019-04-30 05:22:41'),
(894, 220, 20, '2019-04-30 05:22:50', '2019-04-30 05:22:58'),
(895, 221, 10, '2019-04-30 05:23:03', '2019-04-30 05:23:03'),
(896, 222, 10, '2019-04-30 05:23:08', '2019-04-30 05:23:08'),
(897, 224, 10, '2019-04-30 05:23:19', '2019-04-30 05:23:19'),
(898, 225, 15, '2019-04-30 05:23:32', '2019-04-30 05:23:32'),
(899, 227, 15, '2019-04-30 05:23:47', '2019-04-30 05:23:47');

-- --------------------------------------------------------

--
-- Table structure for table `unit`
--

CREATE TABLE `unit` (
  `id` int(11) NOT NULL,
  `name` varchar(100) COLLATE utf8_unicode_ci NOT NULL,
  `date_inserted` timestamp NOT NULL DEFAULT CURRENT_TIMESTAMP,
  `date_last_update` timestamp NOT NULL DEFAULT CURRENT_TIMESTAMP ON UPDATE CURRENT_TIMESTAMP
) ENGINE=InnoDB DEFAULT CHARSET=utf8 COLLATE=utf8_unicode_ci;

--
-- Dumping data for table `unit`
--

INSERT INTO `unit` (`id`, `name`, `date_inserted`, `date_last_update`) VALUES
(11, 'แถว', '2018-12-29 09:17:27', '2018-12-29 09:17:27'),
(12, 'เเพ็ค', '2019-01-07 08:41:23', '2019-01-07 08:41:23'),
(13, 'กก', '2019-02-05 06:28:27', '2019-02-05 06:28:27'),
(14, 'มัด', '2019-02-06 04:44:55', '2019-02-06 04:44:55'),
(15, 'โหล', '2019-02-25 08:21:30', '2019-02-25 08:21:30'),
(16, 'ม้วน', '2019-02-28 07:33:19', '2019-02-28 07:33:19');

-- --------------------------------------------------------

--
-- Table structure for table `user`
--

CREATE TABLE `user` (
  `id` int(11) NOT NULL,
  `username` varchar(200) COLLATE utf8_unicode_ci NOT NULL,
  `password` text COLLATE utf8_unicode_ci NOT NULL,
  `fullname` text COLLATE utf8_unicode_ci NOT NULL
) ENGINE=InnoDB DEFAULT CHARSET=utf8 COLLATE=utf8_unicode_ci;

--
-- Dumping data for table `user`
--

INSERT INTO `user` (`id`, `username`, `password`, `fullname`) VALUES
(1, 'admin', '1234', 'Administrator '),
(4, 'admin2', '12345', 'Administrator ');

--
-- Indexes for dumped tables
--

--
-- Indexes for table `category`
--
ALTER TABLE `category`
  ADD PRIMARY KEY (`id`),
  ADD KEY `id` (`id`);

--
-- Indexes for table `customers`
--
ALTER TABLE `customers`
  ADD PRIMARY KEY (`id`);

--
-- Indexes for table `customer_order`
--
ALTER TABLE `customer_order`
  ADD PRIMARY KEY (`id`),
  ADD KEY `customer_id` (`customer_id`),
  ADD KEY `invoice_id` (`invoice_id`),
  ADD KEY `product_id` (`product_id`);

--
-- Indexes for table `factorie_sales`
--
ALTER TABLE `factorie_sales`
  ADD PRIMARY KEY (`id`);

--
-- Indexes for table `factory`
--
ALTER TABLE `factory`
  ADD PRIMARY KEY (`id`);

--
-- Indexes for table `invoice`
--
ALTER TABLE `invoice`
  ADD PRIMARY KEY (`id`);

--
-- Indexes for table `invoice_products`
--
ALTER TABLE `invoice_products`
  ADD PRIMARY KEY (`id`);

--
-- Indexes for table `manage_stock`
--
ALTER TABLE `manage_stock`
  ADD PRIMARY KEY (`stock_id`),
  ADD KEY `stock_id` (`stock_id`),
  ADD KEY `product_id` (`product_id`),
  ADD KEY `stock_id_2` (`stock_id`),
  ADD KEY `stock_id_3` (`stock_id`);

--
-- Indexes for table `package`
--
ALTER TABLE `package`
  ADD PRIMARY KEY (`id`);

--
-- Indexes for table `package_unit`
--
ALTER TABLE `package_unit`
  ADD PRIMARY KEY (`id`),
  ADD KEY `unit_id` (`unit_id`),
  ADD KEY `package_id` (`package_id`);

--
-- Indexes for table `products`
--
ALTER TABLE `products`
  ADD PRIMARY KEY (`id`),
  ADD KEY `id_package` (`package_unit_id`),
  ADD KEY `id_factory` (`factory_id`),
  ADD KEY `category_id` (`category_id`);

--
-- Indexes for table `product_return`
--
ALTER TABLE `product_return`
  ADD PRIMARY KEY (`id`);

--
-- Indexes for table `product_setting`
--
ALTER TABLE `product_setting`
  ADD PRIMARY KEY (`id`),
  ADD KEY `product_id` (`product_id`);

--
-- Indexes for table `stock`
--
ALTER TABLE `stock`
  ADD PRIMARY KEY (`id`);

--
-- Indexes for table `stock_alert`
--
ALTER TABLE `stock_alert`
  ADD PRIMARY KEY (`id`),
  ADD UNIQUE KEY `product_id` (`product_id`);

--
-- Indexes for table `unit`
--
ALTER TABLE `unit`
  ADD PRIMARY KEY (`id`);

--
-- Indexes for table `user`
--
ALTER TABLE `user`
  ADD PRIMARY KEY (`id`);

--
-- AUTO_INCREMENT for dumped tables
--

--
-- AUTO_INCREMENT for table `category`
--
ALTER TABLE `category`
  MODIFY `id` int(11) NOT NULL AUTO_INCREMENT, AUTO_INCREMENT=48;

--
-- AUTO_INCREMENT for table `customers`
--
ALTER TABLE `customers`
  MODIFY `id` int(11) NOT NULL AUTO_INCREMENT, AUTO_INCREMENT=164;

--
-- AUTO_INCREMENT for table `customer_order`
--
ALTER TABLE `customer_order`
  MODIFY `id` int(11) NOT NULL AUTO_INCREMENT;

--
-- AUTO_INCREMENT for table `factorie_sales`
--
ALTER TABLE `factorie_sales`
  MODIFY `id` int(11) NOT NULL AUTO_INCREMENT, AUTO_INCREMENT=110;

--
-- AUTO_INCREMENT for table `factory`
--
ALTER TABLE `factory`
  MODIFY `id` int(11) NOT NULL AUTO_INCREMENT, AUTO_INCREMENT=68;

--
-- AUTO_INCREMENT for table `invoice`
--
ALTER TABLE `invoice`
  MODIFY `id` int(11) NOT NULL AUTO_INCREMENT, AUTO_INCREMENT=14;

--
-- AUTO_INCREMENT for table `invoice_products`
--
ALTER TABLE `invoice_products`
  MODIFY `id` int(11) NOT NULL AUTO_INCREMENT, AUTO_INCREMENT=50;

--
-- AUTO_INCREMENT for table `manage_stock`
--
ALTER TABLE `manage_stock`
  MODIFY `stock_id` int(11) NOT NULL AUTO_INCREMENT, AUTO_INCREMENT=15;

--
-- AUTO_INCREMENT for table `package`
--
ALTER TABLE `package`
  MODIFY `id` int(11) NOT NULL AUTO_INCREMENT, AUTO_INCREMENT=17;

--
-- AUTO_INCREMENT for table `package_unit`
--
ALTER TABLE `package_unit`
  MODIFY `id` int(11) NOT NULL AUTO_INCREMENT, AUTO_INCREMENT=32;

--
-- AUTO_INCREMENT for table `products`
--
ALTER TABLE `products`
  MODIFY `id` int(11) NOT NULL AUTO_INCREMENT, AUTO_INCREMENT=1129;

--
-- AUTO_INCREMENT for table `product_return`
--
ALTER TABLE `product_return`
  MODIFY `id` int(11) NOT NULL AUTO_INCREMENT, AUTO_INCREMENT=4;

--
-- AUTO_INCREMENT for table `product_setting`
--
ALTER TABLE `product_setting`
  MODIFY `id` int(11) NOT NULL AUTO_INCREMENT, AUTO_INCREMENT=102;

--
-- AUTO_INCREMENT for table `stock`
--
ALTER TABLE `stock`
  MODIFY `id` int(11) NOT NULL AUTO_INCREMENT;

--
-- AUTO_INCREMENT for table `stock_alert`
--
ALTER TABLE `stock_alert`
  MODIFY `id` int(11) NOT NULL AUTO_INCREMENT, AUTO_INCREMENT=900;

--
-- AUTO_INCREMENT for table `unit`
--
ALTER TABLE `unit`
  MODIFY `id` int(11) NOT NULL AUTO_INCREMENT, AUTO_INCREMENT=17;

--
-- AUTO_INCREMENT for table `user`
--
ALTER TABLE `user`
  MODIFY `id` int(11) NOT NULL AUTO_INCREMENT, AUTO_INCREMENT=5;

--
-- Constraints for dumped tables
--

--
-- Constraints for table `customer_order`
--
ALTER TABLE `customer_order`
  ADD CONSTRAINT `customer_order_ibfk_1` FOREIGN KEY (`customer_id`) REFERENCES `customers` (`id`),
  ADD CONSTRAINT `customer_order_ibfk_2` FOREIGN KEY (`invoice_id`) REFERENCES `invoice` (`id`),
  ADD CONSTRAINT `customer_order_ibfk_3` FOREIGN KEY (`product_id`) REFERENCES `products` (`id`);

--
-- Constraints for table `manage_stock`
--
ALTER TABLE `manage_stock`
  ADD CONSTRAINT `manage_stock_ibfk_2` FOREIGN KEY (`product_id`) REFERENCES `products` (`id`);

--
-- Constraints for table `package_unit`
--
ALTER TABLE `package_unit`
  ADD CONSTRAINT `package_unit_ibfk_1` FOREIGN KEY (`package_id`) REFERENCES `package` (`id`),
  ADD CONSTRAINT `package_unit_ibfk_2` FOREIGN KEY (`unit_id`) REFERENCES `unit` (`id`);

--
-- Constraints for table `products`
--
ALTER TABLE `products`
  ADD CONSTRAINT `products_ibfk_1` FOREIGN KEY (`package_unit_id`) REFERENCES `package_unit` (`id`),
  ADD CONSTRAINT `products_ibfk_2` FOREIGN KEY (`factory_id`) REFERENCES `factory` (`id`),
  ADD CONSTRAINT `products_ibfk_3` FOREIGN KEY (`category_id`) REFERENCES `category` (`id`);

--
-- Constraints for table `product_setting`
--
ALTER TABLE `product_setting`
  ADD CONSTRAINT `product_setting_ibfk_1` FOREIGN KEY (`product_id`) REFERENCES `products` (`id`);

--
-- Constraints for table `stock_alert`
--
ALTER TABLE `stock_alert`
  ADD CONSTRAINT `fk_product_to_stock_remain` FOREIGN KEY (`product_id`) REFERENCES `products` (`id`);
COMMIT;

/*!40101 SET CHARACTER_SET_CLIENT=@OLD_CHARACTER_SET_CLIENT */;
/*!40101 SET CHARACTER_SET_RESULTS=@OLD_CHARACTER_SET_RESULTS */;
/*!40101 SET COLLATION_CONNECTION=@OLD_COLLATION_CONNECTION */;
